No.,Year,Prefecture,Prefecture total production(m),production change,public affair(m),public change,education(m),educ change,health and social welfare(m),social change,Received,Received change,Deduction,Deduction change,Residents Total Income(m),Income change,labornum(t),workinghour(per month),labor input (per month),labor change,Company stock(b),stock change,Deflator (2011 based)
1,20,Hokkaido,"18,081,084",,"1,468,230",,"778,133",,"1,590,444",,"934,616,765",,"77,650,000",,"18,072,079",,1793.2,151.9,272387.08,,23035.1,,1.020501702
1,21,Hokkaido,"17,960,612",-0.0067,"1,462,704",-0.0038,"806,511",0.0365,"1,667,551",0.0485,"1,206,358,178",0.2908,"90,252,000",0.1623,"17,948,502",-0.0068,1735.3,148.3,257344.99,-0.0552,22641.6,-0.0171,1.015437225
1,22,Hokkaido,"17,903,062",-0.0032,"1,428,931",-0.0231,"814,686",0.0101,"1,711,727",0.0265,"667,195,962",-0.4469,"103,968,000",0.152,"17,918,805",-0.0017,"1,720.80",149.7,257603.8,0.001,22347.3,-0.013,1.011813677
1,23,Hokkaido,"18,053,062",0.0084,"1,417,492",-0.008,"821,703",0.0086,"1,727,966",0.0095,"899,769,583",0.3486,"742,393,000",6.1406,"18,143,280",0.0125,"1,722.90",149.9,258262.7,0.0026,22309.9,-0.0017,1.001225222
1,24,Hokkaido,"18,008,967",-0.0024,"1,395,246",-0.0157,"827,218",0.0067,"1,766,459",0.0223,"797,667,574",-0.1135,"214,333,000",-0.7113,"18,038,373",-0.0058,"1,706.10",148.3,253014.6,-0.0203,22293.2,-0.0007,0.995897322
1,25,Hokkaido,"18,442,549",0.0241,"1,364,134",-0.0223,"819,406",-0.0094,"1,812,314",0.026,"1,608,441,943",1.0164,"204,077,000",-0.0479,"18,510,335",0.0262,"1,712.00",149.3,255601.6,0.0102,22526.3,0.0105,0.988954564
1,26,Hokkaido,"18,342,490",-0.0054,"1,353,238",-0.008,"819,817",0.0005,"1,783,293",-0.016,"4,282,152,534",1.6623,"468,853,000",1.2974,"18,474,494",-0.0019,"1,736.60",150.8,261879.3,0.0246,22983.2,0.0203,1.013075542
1,27,Hokkaido,"18,583,467",0.0131,"1,350,395",-0.0021,"823,412",0.0044,"1,842,187",0.033,"14,603,434,558",2.4103,"2,280,045,000",3.863,"18,737,241",0.0142,"1,755.50",147.3,258585.2,-0.0126,23327.1,0.015,1.029625527
1,28,Hokkaido,"18,375,422",-0.0112,"1,354,678",0.0032,"823,494",0.0001,"1,846,544",0.0024,"26,084,990,546",0.7862,"1,276,627,246",-0.4401,"18,482,443",-0.0136,1754.4,148.1,259826.6,0.0048,23679.1,0.0151,1.039832119
1,29,Hokkaido,"18,620,561",0.0133,"1,360,957",0.0046,"820,912",-0.0031,"1,850,529",0.0022,"34,981,985,174",0.3411,"2,297,476,108",0.7996,"18,788,337",0.0166,"1,770.30",147,260234.1,0.0016,,,1.043477745
2,20,Aomori,"4,214,950",,"437,010",,"194,707",,"358,988",,"44,356,702",,"16,761,000",,"4,144,951",,390.5,155,60527.5,,5076,,1.026000546
2,21,Aomori,"4,261,541",0.0111,"437,109",0.0002,"195,822",0.0057,"376,359",0.0484,"54,986,857",0.2397,"18,857,000",0.1251,"4,179,091",0.0082,399.5,154.2,61602.9,0.0178,4982.6,-0.0184,1.007149761
2,22,Aomori,"4,287,475",0.0061,"424,269",-0.0294,"199,949",0.0211,"386,362",0.0266,"38,337,423",-0.3028,"15,887,000",-0.1575,"4,267,681",0.0212,396.4,154.6,61283.4,-0.0052,4918.8,-0.0128,1.007057767
2,23,Aomori,"4,324,482",0.0086,"436,567",0.029,"201,115",0.0058,"389,090",0.0071,"92,161,559",1.404,"82,447,000",4.1896,"4,295,800",0.0066,398.1,154.8,61625.9,0.0056,4950.4,0.0064,1.001089842
2,24,Aomori,"4,385,639",0.0141,"428,148",-0.0193,"199,835",-0.0064,"399,787",0.0275,"88,346,602",-0.0414,"22,510,000",-0.727,"4,310,828",0.0035,400.2,155,62031,0.0066,4943.8,-0.0013,0.993213076
2,25,Aomori,"4,327,971",-0.0131,"415,030",-0.0306,"196,532",-0.0165,"412,139",0.0309,"80,253,061",-0.0916,"20,442,000",-0.0919,"4,321,516",0.0025,391,154.4,60370.4,-0.0268,4964.7,0.0042,0.990292449
2,26,Aomori,"4,319,245",-0.002,"415,951",0.0022,"196,331",-0.001,"404,693",-0.0181,"290,964,287",2.6256,"77,507,000",2.7916,"4,265,590",-0.0129,387.6,155.1,60116.8,-0.0042,5012.9,0.0097,1.007865958
2,27,Aomori,"4,437,909",0.0275,"423,083",0.0171,"194,009",-0.0118,"413,741",0.0224,"795,906,168",1.7354,"283,177,000",2.6536,"4,399,863",0.0315,394.6,154.6,61005.2,0.0148,5078.2,0.013,1.019444292
2,28,Aomori,"4,399,358",-0.0087,"420,256",-0.0067,"192,086",-0.0099,"415,802",0.005,"1,965,582,665",1.4696,"137,319,671",-0.5151,"4,350,831",-0.0111,400.8,152.5,61122,0.0019,5063.6,-0.0029,1.025223226
2,29,Aomori,"4,293,542",-0.0241,"419,068",-0.0028,"189,882",-0.0115,"415,432",-0.0009,"3,725,906,797",0.8956,"253,599,021",0.8468,"4,283,840",-0.0154,405,155.5,62977.5,0.0304,,,1.034856536
3,20,Iwate,"4,011,361",,"249,024",,"209,679",,"351,290",,"120,848,547",,"9,505,000",,"4,056,830",,408.5,156.4,63889.4,,5755.7,,1.032110049
3,21,Iwate,"3,929,046",-0.0205,"251,251",0.0089,"206,342",-0.0159,"357,870",0.0187,"155,920,024",0.2902,"13,560,000",0.4266,"3,981,715",-0.0185,406.8,150.2,61101.36,-0.0436,5620.2,-0.0235,1.027462646
3,22,Iwate,"3,937,497",0.0022,"250,886",-0.0015,"211,606",0.0255,"366,822",0.025,"175,419,340",0.1251,"9,250,000",-0.3178,"4,002,640",0.0053,400.1,155.5,62215.6,0.0182,5357.6,-0.0467,1.014340836
3,23,Iwate,"4,020,777",0.0212,"264,660",0.0549,"214,137",0.012,"367,456",0.0017,"2,870,446,474",15.3633,"109,078,000",10.7922,"4,089,866",0.0218,386.8,155.8,60263.4,-0.0314,5354.5,-0.0006,1.000308149
3,24,Iwate,"4,176,284",0.0387,"259,453",-0.0197,"216,968",0.0132,"383,973",0.0449,"593,131,375",-0.7934,"26,054,000",-0.7611,"4,222,939",0.0325,410.3,158.7,65114.6,0.0805,5289.6,-0.0121,1.001872478
3,25,Iwate,"4,343,190",0.04,"256,320",-0.0121,"213,072",-0.018,"391,976",0.0208,"366,166,948",-0.3827,"24,506,000",-0.0594,"4,386,181",0.0387,410,158.4,64944,-0.0026,5428.1,0.0262,1.001881797
3,26,Iwate,"4,372,298",0.0067,"257,838",0.0059,"210,675",-0.0112,"380,626",-0.029,"568,412,552",0.5523,"69,809,000",1.8486,"4,405,179",0.0043,415.5,158,65649,0.0109,5458.9,0.0057,1.019437376
3,27,Iwate,"4,401,519",0.0067,"258,000",0.0006,"215,442",0.0226,"395,931",0.0402,"2,296,437,817",3.0401,"296,720,000",3.2505,"4,441,395",0.0082,412.7,155.9,64339.9,-0.0199,5467.9,0.0016,1.036629854
3,28,Iwate,"4,363,985",-0.0085,"257,522",-0.0019,"214,160",-0.006,"398,291",0.006,"2,912,130,506",0.2681,"171,783,855",-0.4211,"4,390,622",-0.0114,415.8,154.5,64241.1,-0.0015,5517.1,0.009,1.043754733
3,29,Iwate,"4,457,328",0.0214,"262,335",0.0187,"210,719",-0.0161,"395,720",-0.0065,"3,522,458,239",0.2096,"298,093,868",0.7353,"4,484,419",0.0214,414.3,154.9,64175.1,-0.001,,,1.043503642
4,20,Miyagi,"7,780,359",,"523,502",,"383,750",,"563,345",,"51,813,638",,"21,845,000",,"7,763,344",,825.8,147.9,122135.82,,10099.4,,1.032199285
4,21,Miyagi,"7,647,470",-0.0171,"529,471",0.0114,"392,459",0.0227,"588,759",0.0451,"94,365,055",0.8212,"27,707,000",0.2683,"7,618,026",-0.0187,788,146.2,115205.6,-0.0567,9969,-0.0129,1.022687895
4,22,Miyagi,"7,770,883",0.0161,"509,917",-0.0369,"399,913",0.019,"609,222",0.0348,"152,728,319",0.6185,"25,137,000",-0.0928,"7,674,050",0.0074,777.5,147.5,114681.3,-0.0046,9099,-0.0873,1.012471041
4,23,Miyagi,"7,740,941",-0.0039,"523,473",0.0266,"422,425",0.0563,"615,325",0.01,"763,290,847",3.9977,"175,398,000",5.9777,"7,683,337",0.0012,760.1,147.1,111810.7,-0.025,9234.8,0.0149,1.000263534
4,24,Miyagi,"8,476,330",0.095,"537,874",0.0275,"419,814",-0.0062,"654,586",0.0638,"301,938,583",-0.6044,"71,854,000",-0.5903,"8,419,804",0.0959,805.9,154.3,124350.4,0.1122,9499,0.0286,0.993211921
4,25,Miyagi,"8,816,630",0.0401,"537,599",-0.0005,"410,753",-0.0216,"649,292",-0.0081,"362,847,236",0.2017,"72,361,000",0.0071,"8,769,920",0.0416,806.8,150.8,121665.4,-0.0216,9761.8,0.0277,0.990061282
4,26,Miyagi,"9,003,604",0.0212,"566,398",0.0536,"403,376",-0.018,"642,986",-0.0097,"766,763,800",1.1132,"213,993,000",1.9573,"8,986,100",0.0247,819.7,150.1,123037,0.0113,9983.4,0.0227,1.009386463
4,27,Miyagi,"9,205,605",0.0224,"560,740",-0.01,"408,821",0.0135,"668,549",0.0398,"1,868,423,306",1.4368,"1,082,636,000",4.0592,"9,232,586",0.0274,826.9,149.7,123786.9,0.0061,10347.6,0.0365,1.020587783
4,28,Miyagi,"9,157,400",-0.0052,"565,143",0.0079,"403,991",-0.0118,"678,377",0.0147,"2,108,289,664",0.1284,"695,544,877",-0.3575,"9,126,481",-0.0115,833.7,149,124221.3,0.0035,10518.2,0.0165,1.024623911
4,29,Miyagi,"9,204,967",0.0052,"567,631",0.0044,"406,807",0.007,"677,850",-0.0008,"3,488,596,444",0.6547,"1,048,580,122",0.5076,"9,222,557",0.0105,827,143.4,118591.8,-0.0453,,,1.028132963
5,20,Akita,"3,238,518",,"243,149",,"159,202",,"342,858",,"78,299,610",,"4,823,000",,"3,214,653",,350.1,160,56016,,5374,,1.036020488
5,21,Akita,"3,193,337",-0.014,"246,185",0.0125,"164,812",0.0352,"348,988",0.0179,"50,572,693",-0.3541,"3,192,000",-0.3382,"3,184,482",-0.0094,327.9,151.1,49545.69,-0.1155,5262.5,-0.0208,1.028479926
5,22,Akita,"3,235,950",0.0133,"237,668",-0.0346,"170,857",0.0367,"358,821",0.0282,"67,354,572",0.3318,"5,134,000",0.6084,"3,268,215",0.0263,317.9,154.3,49052,-0.01,5272.7,0.0019,1.016189373
5,23,Akita,"3,309,152",0.0226,"238,591",0.0039,"171,950",0.0064,"360,804",0.0055,"61,954,154",-0.0802,"85,326,000",15.6198,"3,345,879",0.0238,315.5,149.9,47293.5,-0.0359,5342.7,0.0133,1.001256515
5,24,Akita,"3,281,669",-0.0083,"235,403",-0.0134,"169,847",-0.0122,"369,344",0.0237,"75,349,773",0.2162,"12,836,000",-0.8496,"3,294,046",-0.0155,328.2,153.9,50510,0.068,5213.9,-0.0241,1.00091874
5,25,Akita,"3,299,872",0.0055,"224,211",-0.0475,"171,346",0.0088,"376,927",0.0205,"104,762,962",0.3904,"14,346,000",0.1176,"3,340,847",0.0142,321.5,151.3,48643,-0.037,5355.1,0.0271,1.00124126
5,26,Akita,"3,283,730",-0.0049,"219,934",-0.0191,"170,951",-0.0023,"370,648",-0.0167,"323,037,215",2.0835,"39,703,000",1.7675,"3,332,926",-0.0024,314.7,152,47834.4,-0.0166,5471.2,0.0217,1.015520764
5,27,Akita,"3,287,162",0.001,"216,630",-0.015,"168,835",-0.0124,"379,613",0.0242,"1,368,599,796",3.2367,"212,603,000",4.3548,"3,353,023",0.006,317,149.1,47264.7,-0.0119,5484.5,0.0024,1.028428474
5,28,Akita,"3,318,161",0.0094,"212,403",-0.0195,"166,697",-0.0127,"379,157",-0.0012,"1,597,331,686",0.1671,"116,189,599",-0.4535,"3,380,479",0.0082,321.9,151.1,48639.1,0.0291,5446.1,-0.007,1.033121057
5,29,Akita,"3,438,093",0.0361,"214,621",0.0104,"170,109",0.0205,"377,531",-0.0043,"2,191,221,848",0.3718,"191,734,596",0.6502,"3,504,521",0.0367,323.1,153.8,49692.8,0.0217,,,1.036333223
6,20,Yamakata,"3,615,695",,"254,895",,"187,676",,"309,880",,"78,466,670",,"7,982,000",,"3,690,225",,359,158.9,57045.1,,4686.8,,1.062425619
6,21,Yamakata,"3,507,907",-0.0298,"259,280",0.0172,"190,121",0.013,"324,477",0.0471,"57,270,281",-0.2701,"9,315,000",0.167,"3,599,041",-0.0247,358.8,148.3,53210.04,-0.0672,4574,-0.0241,1.048554309
6,22,Yamakata,"3,664,153",0.0445,"263,135",0.0149,"193,462",0.0176,"334,713",0.0315,"121,461,989",1.1209,"7,264,000",-0.2202,"3,754,924",0.0433,357.9,152.3,54508.2,0.0244,4422.1,-0.0332,1.023686511
6,23,Yamakata,"3,696,658",0.0089,"265,226",0.0079,"194,268",0.0042,"336,346",0.0049,"76,464,937",-0.3705,"90,898,000",11.5135,"3,812,259",0.0153,356.5,155.3,55364.5,0.0157,4312.6,-0.0248,0.996012074
6,24,Yamakata,"3,741,723",0.0122,"261,289",-0.0148,"196,338",0.0107,"347,930",0.0344,"136,806,752",0.7891,"18,386,000",-0.7977,"3,828,068",0.0041,368,158,58144,0.0502,4272.7,-0.0093,0.991683511
6,25,Yamakata,"3,887,605",0.039,"255,253",-0.0231,"192,937",-0.0173,"352,973",0.0145,"321,780,336",1.3521,"23,655,000",0.2866,"3,990,582",0.0425,371.4,155.5,57752.7,-0.0067,4297.2,0.0057,0.989445173
6,26,Yamakata,"3,792,551",-0.0245,"255,355",0.0004,"191,503",-0.0074,"348,342",-0.0131,"2,866,382,129",7.9079,"64,852,000",1.7416,"3,906,968",-0.021,371.2,156.4,58055.7,0.0052,4344.8,0.0111,1.002031087
6,27,Yamakata,"3,861,897",0.0183,"255,887",0.0021,"194,354",0.0149,"359,612",0.0324,"13,639,558,182",3.7585,"320,070,000",3.9354,"3,993,285",0.0221,376.9,153.7,57929.5,-0.0022,4391,0.0106,1.019694466
6,28,Yamakata,"3,956,725",0.0246,"252,888",-0.0117,"191,610",-0.0141,"359,404",-0.0006,"22,028,926,716",0.6151,"178,415,240",-0.4426,"4,069,310",0.019,378.1,153.2,57924.9,-0.0001,4470.7,0.0181,1.02287144
6,29,Yamakata,"4,175,051",0.0552,"256,001",0.0123,"191,626",0.0001,"358,766",-0.0018,"22,123,777,597",0.0043,"306,367,451",0.7172,"4,309,735",0.0591,379.9,153.2,58200.7,0.0048,,,1.022014342
7,20,Fukushima,"7,290,878",,"412,277",,"269,176",,"530,705",,"130,767,975",,"11,623,000",,"7,393,049",,620.1,157.6,97727.76,,14610.9,,1.048567127
7,21,Fukushima,"7,008,998",-0.0387,"418,738",0.0157,"272,466",0.0122,"540,619",0.0187,"87,901,201",-0.3278,"10,290,000",-0.1147,"7,132,361",-0.0353,645.9,150.1,96949.59,-0.008,14455.2,-0.0107,1.040088184
7,22,Fukushima,"7,027,293",0.0026,"400,965",-0.0424,"274,485",0.0074,"545,380",0.0088,"129,358,509",0.4716,"12,783,000",0.2423,"7,177,826",0.0064,640.2,152.6,97694.5,0.0077,13917.1,-0.0372,1.018564617
7,23,Fukushima,"6,601,048",-0.0607,"487,727",0.2164,"282,555",0.0294,"540,719",-0.0085,"1,138,990,845",7.8049,"65,782,000",4.1461,"6,747,435",-0.06,598,153.2,91613.6,-0.0622,13965.3,0.0035,0.99958749
7,24,Fukushima,"7,049,673",0.068,"546,189",0.1199,"282,686",0.0005,"562,571",0.0404,"414,050,374",-0.6365,"25,158,000",-0.6176,"7,168,433",0.0624,652.7,154.4,100776.9,0.1,13911.5,-0.0039,0.998738381
7,25,Fukushima,"7,507,939",0.065,"573,964",0.0509,"282,339",-0.0012,"566,839",0.0076,"459,058,069",0.1087,"29,233,000",0.162,"7,668,056",0.0697,655.5,156.2,102389.1,0.016,13833.4,-0.0056,1.000847237
7,26,Fukushima,"7,628,216",0.016,"621,392",0.0826,"283,082",0.0026,"564,522",-0.0041,"567,939,370",0.2372,"114,311,000",2.9103,"7,783,524",0.0151,652.9,156.3,102048.3,-0.0033,13841,0.0005,1.022635568
7,27,Fukushima,"7,739,739",0.0146,"652,188",0.0496,"285,654",0.0091,"581,089",0.0293,"1,366,311,810",1.4057,"562,275,000",3.9188,"7,890,887",0.0138,667.1,157.3,104934.8,0.0283,13826.1,-0.0011,1.040479918
7,28,Fukushima,"7,808,000",0.0088,"670,879",0.0287,"281,773",-0.0136,"576,181",-0.0084,"1,640,216,100",0.2005,"351,226,642",-0.3753,"7,949,626",0.0074,667.9,154.6,103257.3,-0.016,13714.7,-0.0081,1.041651767
7,29,Fukushima,"7,744,578",-0.0081,"577,941",-0.1385,"280,057",-0.0061,"579,885",0.0064,"2,962,165,482",0.806,"574,305,634",0.6351,"7,898,121",-0.0065,676.1,153.4,103713.7,0.0044,,,1.041204827
8,20,Ibaraki,"11,940,351",,"522,912",,"426,501",,"647,001",,"228,764,894",,"28,936,000",,"12,309,839",,978.6,149.4,146202.84,,16562.4,,1.030385371
8,21,Ibaraki,"11,251,144",-0.0577,"533,047",0.0194,"435,953",0.0222,"666,651",0.0304,"45,787,906",-0.7998,"24,745,000",-0.1448,"11,656,195",-0.0531,1026.5,143.5,147302.75,0.0075,16478.1,-0.0051,1.034225053
8,22,Ibaraki,"11,815,101",0.0501,"534,557",0.0028,"440,377",0.0101,"697,922",0.0469,"84,462,595",0.8446,"31,179,000",0.26,"12,245,253",0.0505,"1,023.00",144.5,147823.5,0.0035,15821.6,-0.0398,1.015183112
8,23,Ibaraki,"12,419,119",0.0511,"547,276",0.0238,"442,817",0.0055,"703,010",0.0073,"212,012,632",1.5101,"251,252,000",7.0584,"12,789,831",0.0445,"1,016.20",148.4,150804.1,0.0202,15672.3,-0.0094,1.002072369
8,24,Ibaraki,"12,159,820",-0.0209,"535,097",-0.0223,"445,088",0.0051,"732,454",0.0419,"189,089,471",-0.1081,"63,230,000",-0.7483,"12,484,189",-0.0239,976.5,152.2,148623.3,-0.0145,15700,0.0018,1.003995618
8,25,Ibaraki,"12,081,266",-0.0065,"523,445",-0.0218,"434,628",-0.0235,"752,778",0.0277,"127,108,659",-0.3278,"65,951,000",0.043,"12,510,421",0.0021,982.5,150,147375,-0.0084,16012.1,0.0199,1.001285047
8,26,Ibaraki,"12,125,192",0.0036,"511,155",-0.0235,"427,547",-0.0163,"747,351",-0.0072,"508,231,386",2.9984,"237,941,000",2.6078,"12,546,762",0.0029,980.2,151.8,148794.4,0.0096,16139,0.0079,1.023199303
8,27,Ibaraki,"12,363,440",0.0196,"514,346",0.0062,"435,206",0.0179,"778,519",0.0417,"3,896,951,659",6.6677,"1,308,878,000",4.5009,"12,752,336",0.0164,989.6,147,145471.2,-0.0223,16311.5,0.0107,1.049073316
8,28,Ibaraki,"12,413,251",0.004,"500,996",-0.026,"443,030",0.018,"793,952",0.0198,"6,966,132,474",0.7876,"802,478,690",-0.3869,"12,727,524",-0.0019,996,146.9,146312.4,0.0058,16408.8,0.006,1.051553215
8,29,Ibaraki,"13,191,502",0.0627,"500,305",-0.0014,"450,101",0.016,"798,808",0.0061,"8,588,853,379",0.2329,"1,403,169,653",0.7485,"13,498,218",0.0606,998.7,147.5,147308.3,0.0068,,,1.04676685
9,20,Tochigi,"7,900,841",,"331,799",,"322,277",,"468,096",,"253,910,892",,"11,039,000",,"8,109,211",,580.1,154.5,89625.45,,11796.5,,1.04295644
9,21,Tochigi,"7,773,995",-0.0161,"345,372",0.0409,"328,891",0.0205,"487,795",0.0421,"58,221,190",-0.7707,"10,822,000",-0.0197,"8,019,631",-0.011,703.4,148.6,104525.24,0.1662,11550.6,-0.0208,1.041871522
9,22,Tochigi,"8,076,659",0.0389,"332,109",-0.0384,"321,907",-0.0212,"505,562",0.0364,"55,765,421",-0.0422,"18,112,000",0.6736,"8,363,040",0.0428,701.5,152,106628,0.0201,11120.9,-0.0372,1.016292876
9,23,Tochigi,"8,093,855",0.0021,"329,375",-0.0082,"325,515",0.0112,"505,493",-0.0001,"104,088,152",0.8665,"206,902,000",10.4235,"8,428,858",0.0079,701.5,150.3,105435.5,-0.0112,10924.7,-0.0176,0.999287608
9,24,Tochigi,"7,964,032",-0.016,"331,664",0.0069,"323,516",-0.0061,"523,572",0.0358,"195,343,593",0.8767,"40,773,000",-0.8029,"8,212,805",-0.0256,678.7,150,101805,-0.0344,10679.3,-0.0225,1.001036159
9,25,Tochigi,"8,444,585",0.0603,"323,943",-0.0233,"323,658",0.0004,"537,105",0.0258,"105,226,767",-0.4613,"50,843,000",0.247,"8,697,449",0.059,697.1,150.1,104634.7,0.0278,10711.5,0.003,1.002016914
9,26,Tochigi,"8,286,680",-0.0187,"318,983",-0.0153,"316,410",-0.0224,"532,661",-0.0083,"422,478,601",3.0149,"158,363,000",2.1147,"8,501,285",-0.0226,707,149.9,105979.3,0.0129,10746.7,0.0033,1.021081302
9,27,Tochigi,"8,576,289",0.0349,"315,778",-0.01,"322,634",0.0197,"551,419",0.0352,"1,155,985,701",1.7362,"831,150,000",4.2484,"8,764,973",0.031,709.2,148.8,105529,-0.0042,10763.8,0.0016,1.042191092
9,28,Tochigi,"8,581,400",0.0006,"318,472",0.0085,"322,034",-0.0019,"556,931",0.01,"1,361,947,289",0.1782,"503,059,135",-0.3947,"8,752,718",-0.0014,715.4,149.3,106809.2,0.0121,10717.1,-0.0043,1.041532967
9,29,Tochigi,"8,843,535",0.0305,"309,671",-0.0276,"317,982",-0.0126,"555,718",-0.0022,"1,455,940,523",0.069,"899,404,003",0.7879,"9,024,103",0.031,711.6,147.8,105174.5,-0.0153,,,1.034804634
10,20,Gunma,"7,614,630",,"305,639",,"298,238",,"505,701",,"80,724,457",,"16,601,000",,"7,710,373",,680.7,151.6,103194.12,,10113,,1.032524758
10,21,Gunma,"7,354,238",-0.0342,"308,942",0.0108,"305,958",0.0259,"520,195",0.0287,"66,876,965",-0.1715,"13,083,000",-0.2119,"7,459,385",-0.0326,683.2,147,100430.4,-0.0268,9919,-0.0192,1.033150953
10,22,Gunma,"7,643,650",0.0394,"307,743",-0.0039,"313,161",0.0235,"539,926",0.0379,"121,849,726",0.822,"30,521,000",1.3329,"7,742,295",0.0379,691.7,149.9,103685.8,0.0324,9782.8,-0.0137,1.014635024
10,23,Gunma,"7,732,842",0.0117,"309,981",0.0073,"321,147",0.0255,"545,256",0.0099,"104,602,836",-0.1415,"242,214,000",6.936,"7,818,309",0.0098,699.2,149.1,104250.7,0.0054,9905,0.0125,1.000144966
10,24,Gunma,"7,729,032",-0.0005,"304,877",-0.0165,"327,484",0.0197,"564,609",0.0355,"118,518,321",0.133,"39,907,000",-0.8352,"7,820,636",0.0003,708.7,151.7,107509.8,0.0313,9986.6,0.0082,1.005203239
10,25,Gunma,"7,994,875",0.0344,"299,195",-0.0186,"325,375",-0.0064,"577,587",0.023,"525,417,904",3.4332,"56,567,000",0.4175,"8,135,451",0.0403,701.3,150.9,105826.2,-0.0157,10192.4,0.0206,1.011773668
10,26,Gunma,"8,014,002",0.0024,"297,674",-0.0051,"328,907",0.0109,"571,325",-0.0108,"708,282,089",0.348,"187,432,000",2.3135,"8,172,528",0.0046,702.4,150.4,105641,-0.0018,10461,0.0264,1.030919758
10,27,Gunma,"8,203,448",0.0236,"297,128",-0.0018,"330,753",0.0056,"600,722",0.0515,"2,791,000,161",2.9405,"925,512,000",3.9379,"8,347,201",0.0214,705.7,147.9,104373,-0.012,10572.2,0.0106,1.051721544
10,28,Gunma,"8,274,980",0.0087,"290,978",-0.0207,"326,336",-0.0134,"610,652",0.0165,"4,646,153,669",0.6647,"561,641,578",-0.3932,"8,394,677",0.0057,709.4,148,104991.2,0.0059,10823.9,0.0238,1.048054013
10,29,Gunma,"8,601,050",0.0394,"281,199",-0.0336,"325,553",-0.0024,"608,477",-0.0036,"4,678,031,462",0.0069,"983,797,594",0.7516,"8,749,608",0.0423,710.2,148.5,105464.7,0.0045,,,1.042946384
11,20,Saitama,"20,625,533",,"1,252,989",,"787,420",,"1,452,094",,"58,952,568",,"72,592,000",,"25,703,822",,1798.6,140.9,253422.74,,23865.7,,1.032966033
11,21,Saitama,"20,187,577",-0.0212,"1,296,811",0.035,"800,872",0.0171,"1,535,589",0.0575,"67,680,502",0.1481,"77,262,000",0.0643,"25,121,005",-0.0227,1845.2,139.5,257405.4,0.0157,23467,-0.0167,1.026115318
11,22,Saitama,"20,809,365",0.0308,"1,261,385",-0.0273,"812,977",0.0151,"1,610,164",0.0486,"101,414,256",0.4984,"79,276,000",0.0261,"25,776,857",0.0261,"1,847.20",140.7,259901,0.0097,23081,-0.0164,1.010311607
11,23,Saitama,"21,599,157",0.038,"1,252,452",-0.0071,"827,936",0.0184,"1,638,815",0.0178,"197,213,187",0.9446,"1,044,941,000",12.1811,"26,614,496",0.0325,"1,869.60",139.7,261183.1,0.0049,22680.6,-0.0173,1.00047062
11,24,Saitama,"21,248,983",-0.0162,"1,265,597",0.0105,"832,793",0.0059,"1,702,041",0.0386,"114,244,513",-0.4207,"212,826,000",-0.7963,"26,377,691",-0.0089,"2,028.50",140,283990,0.0873,22664.4,-0.0007,0.997247021
11,25,Saitama,"21,674,421",0.02,"1,246,285",-0.0153,"819,756",-0.0157,"1,759,755",0.0339,"312,938,410",1.7392,"298,251,000",0.4014,"27,116,633",0.028,"2,033.10",137.7,279957.9,-0.0142,22789.1,0.0055,0.996403733
11,26,Saitama,"21,479,310",-0.009,"1,236,755",-0.0076,"828,179",0.0103,"1,758,076",-0.001,"337,990,288",0.0801,"960,751,000",2.2213,"26,971,971",-0.0053,"2,036.40",137.9,280819.6,0.0031,22883.3,0.0041,1.014372343
11,27,Saitama,"21,943,598",0.0216,"1,234,251",-0.002,"838,096",0.012,"1,834,761",0.0436,"1,421,493,915",3.2057,"5,120,728,000",4.3299,"27,609,458",0.0236,"2,072.80",138.2,286461,0.0201,22911.2,0.0012,1.02580812
11,28,Saitama,"22,116,897",0.0079,"1,247,640",0.0108,"837,609",-0.0006,"1,871,500",0.02,"2,561,054,626",0.8017,"3,020,139,415",-0.4102,"27,878,681",0.0098,2082.2,136.8,284845,-0.0056,23157.4,0.0107,1.025175322
11,29,Saitama,"22,893,271",0.0351,"1,229,220",-0.0148,"849,620",0.0143,"1,897,500",0.0139,"2,211,902,378",-0.1363,"5,484,778,982",0.8161,"28,896,955",0.0365,"2,087.60",137.1,286210,0.0048,,,1.02349092
12,20,Chiba,"19,143,914",,"962,902",,"740,670",,"1,288,058",,"219,805,841",,"115,396,000",,"24,083,951",,1567.4,145.3,227743.22,,29700.7,,1.032497586
12,21,Chiba,"18,902,998",-0.0126,"954,027",-0.0092,"728,870",-0.0159,"1,337,287",0.0382,"121,975,966",-0.4451,"106,678,000",-0.0755,"23,542,930",-0.0225,1577.4,140.3,221309.22,-0.0283,29234,-0.0157,1.018389147
12,22,Chiba,"18,904,463",0.0001,"949,265",-0.005,"746,038",0.0236,"1,380,684",0.0325,"312,975,142",1.5659,"116,803,000",0.0949,"23,579,448",0.0016,"1,554.30",139.3,216514,-0.0217,28676.3,-0.0191,1.013310508
12,23,Chiba,"19,111,524",0.011,"949,886",0.0007,"757,112",0.0148,"1,399,936",0.0139,"244,438,612",-0.219,"1,129,481,000",8.67,"23,858,848",0.0118,"1,562.60",139.5,217982.7,0.0068,28360.3,-0.011,1.001605262
12,24,Chiba,"19,050,087",-0.0032,"949,739",-0.0002,"762,067",0.0065,"1,470,647",0.0505,"340,240,432",0.3919,"249,395,000",-0.7792,"23,904,691",0.0019,"1,663.10",140.3,233332.9,0.0704,28388.4,0.001,0.994314514
12,25,Chiba,"20,088,255",0.0545,"914,213",-0.0374,"751,354",-0.0141,"1,523,412",0.0359,"291,111,310",-0.1444,"302,501,000",0.2129,"25,141,124",0.0517,"1,651.20",139.8,230837.8,-0.0107,28647.9,0.0091,0.989449706
12,26,Chiba,"19,630,108",-0.0228,"912,987",-0.0013,"754,594",0.0043,"1,529,102",0.0037,"388,331,296",0.334,"962,136,000",2.1806,"24,622,791",-0.0206,"1,661.90",138.3,229840.8,-0.0043,28893.7,0.0086,1.01584138
12,27,Chiba,"19,659,141",0.0015,"916,370",0.0037,"767,909",0.0176,"1,607,426",0.0512,"3,055,302,773",6.8678,"5,185,604,000",4.3897,"24,649,958",0.0011,"1,673.20",140.6,235251.9,0.0235,29271.5,0.0131,1.036492693
12,28,Chiba,"19,666,183",0.0004,"906,737",-0.0105,"767,416",-0.0006,"1,639,634",0.02,"6,167,560,620",1.0186,"3,094,549,646",-0.4032,"24,652,668",0.0001,1679.8,139.8,234836,-0.0018,29406,0.0046,1.040742426
12,29,Chiba,"20,163,505",0.0253,"900,620",-0.0067,"772,912",0.0072,"1,662,779",0.0141,"4,629,289,820",-0.2494,"5,740,409,912",0.855,"25,286,618",0.0257,"1,692.80",139,235299.2,0.002,,,1.046788641
13,20,Tokyo,"99,772,251",,"4,133,093",,"2,677,933",,"3,557,482",,"1,396,169,894",,"494,596,000",,"89,162,123",,6590.4,149.3,983946.72,,94821,,1.036766375
13,21,Tokyo,"95,398,503",-0.0438,"4,338,435",0.0497,"2,746,023",0.0254,"3,760,486",0.0571,"1,204,099,592",-0.1376,"470,233,000",-0.0493,"84,777,327",-0.0492,6948.6,145.2,1008936.72,0.0254,93188.7,-0.0172,1.017120185
13,22,Tokyo,"97,342,676",0.0204,"3,912,939",-0.0981,"2,808,785",0.0229,"3,930,936",0.0453,"3,013,698,093",1.5029,"549,906,000",0.1694,"87,752,415",0.0351,"6,907.50",147,1015402.5,0.0064,91862.3,-0.0142,1.00795498
13,23,Tokyo,"100,373,023",0.0311,"3,907,022",-0.0015,"2,889,012",0.0286,"3,994,822",0.0163,"1,205,661,114",-0.5999,"5,718,297,000",9.3987,"90,357,128",0.0297,"6,876.10",146,1003910.6,-0.0113,91136.8,-0.0079,0.999988294
13,24,Tokyo,"100,841,138",0.0047,"3,882,366",-0.0063,"2,912,017",0.008,"4,154,985",0.0401,"1,756,812,336",0.4571,"1,240,447,000",-0.7831,"90,779,501",0.0047,"7,182.70",148.3,1065194.4,0.061,90855.4,-0.0031,0.990064769
13,25,Tokyo,"102,771,705",0.0191,"3,896,678",0.0037,"2,970,456",0.0201,"4,295,160",0.0337,"1,403,016,274",-0.2014,"1,848,672,000",0.4903,"94,339,351",0.0392,"7,173.10",146.2,1048707.2,-0.0155,91493,0.007,0.985664975
13,26,Tokyo,"101,156,208",-0.0157,"3,958,147",0.0158,"3,082,614",0.0378,"4,274,512",-0.0048,"1,120,774,883",-0.2012,"4,826,899,000",1.611,"94,071,587",-0.0028,"7,270.30",145.2,1055647.6,0.0066,92443.4,0.0104,1.006211878
13,27,Tokyo,"103,828,062",0.0264,"4,037,469",0.02,"3,007,222",-0.0245,"4,411,157",0.032,"1,234,669,080",0.1016,"26,140,397,000",4.4156,"97,082,675",0.032,"7,271.30",144.2,1048521.5,-0.0068,92851.3,0.0044,1.006660829
13,28,Tokyo,"104,575,274",0.0072,"4,092,260",0.0136,"3,009,273",0.0007,"4,458,204",0.0107,"866,600,648",-0.2981,"13,912,792,843",-0.4678,"96,369,147",-0.0073,7372.5,143.2,1055742,0.0069,93402.1,0.0059,1.00557737
13,29,Tokyo,"105,376,778",0.0077,"3,955,003",-0.0335,"3,050,574",0.0137,"4,488,097",0.0067,"2,248,374,774",1.5945,"25,104,648,102",0.8044,"97,076,175",0.0073,"7,495.70",143,1071885.1,0.0153,,,1.008174894
14,20,Kanagawa,"33,303,105",,"1,664,379",,"1,067,573",,"1,829,463",,"267,786,441",,"96,819,000",,"38,497,965",,2372.8,145.6,345479.68,,40397.9,,1.036139093
14,21,Kanagawa,"30,846,578",-0.0738,"1,656,273",-0.0049,"1,038,907",-0.0269,"1,929,939",0.0549,"474,341,892",0.7713,"126,902,000",0.3107,"36,150,603",-0.061,2734.9,138.9,379877.61,0.0996,39747.1,-0.0161,1.025148754
14,22,Kanagawa,"32,318,854",0.0477,"1,586,373",-0.0422,"1,052,891",0.0135,"2,018,650",0.046,"297,113,306",-0.3736,"139,869,000",0.1022,"37,944,238",0.0496,"2,722.50",139.8,380605.5,0.0019,39551,-0.0049,1.014145087
14,23,Kanagawa,"33,074,161",0.0234,"1,593,694",0.0046,"1,085,341",0.0308,"2,053,160",0.0171,"294,554,433",-0.0086,"2,061,170,000",13.7364,"38,790,268",0.0223,"2,699.10",138.5,373825.4,-0.0178,39328.2,-0.0056,1.000076616
14,24,Kanagawa,"32,589,994",-0.0146,"1,541,502",-0.0327,"1,074,661",-0.0098,"2,134,790",0.0398,"359,466,869",0.2204,"417,558,000",-0.7974,"38,427,628",-0.0093,"2,698.70",139.3,375928.9,0.0056,39702.3,0.0095,0.995908192
14,25,Kanagawa,"32,781,825",0.0059,"1,506,553",-0.0227,"1,049,288",-0.0236,"2,207,912",0.0343,"375,005,445",0.0432,"567,183,000",0.3583,"39,154,491",0.0189,"2,689.50",137.6,370075.2,-0.0156,39683.8,-0.0005,0.995380214
14,26,Kanagawa,"32,106,073",-0.0206,"1,517,451",0.0072,"1,048,724",-0.0005,"2,218,317",0.0047,"1,052,820,407",1.8075,"1,814,551,000",2.1992,"38,660,954",-0.0126,"2,678.80",138.2,370210.2,0.0004,40053.6,0.0093,1.014866346
14,27,Kanagawa,"33,241,586",0.0354,"1,532,632",0.01,"1,079,544",0.0294,"2,325,819",0.0485,"1,909,714,636",0.8139,"9,930,842,000",4.4729,"39,399,539",0.0191,"2,704.70",139.7,377846.6,0.0206,40147.4,0.0023,1.026711511
14,28,Kanagawa,"33,880,976",0.0192,"1,516,257",-0.0107,"1,083,057",0.0033,"2,371,347",0.0196,"4,846,798,104",1.538,"5,831,360,720",-0.4128,"40,046,849",0.0164,2726.7,139.5,380374.7,0.0067,40413.9,0.0066,1.025343308
14,29,Kanagawa,"34,636,012",0.0223,"1,555,797",0.0261,"1,100,905",0.0165,"2,406,635",0.0149,"7,162,483,530",0.4778,"10,689,428,528",0.8331,"40,652,645",0.0151,"2,764.10",138.6,383104.3,0.0072,,,1.027538419
15,20,Niigata,"8,399,274",,"413,431",,"378,819",,"651,732",,"147,064,564",,"24,744,000",,"8,464,228",,799.3,157.9,126209.47,,13717.3,,1.032430898
15,21,Niigata,"8,227,982",-0.0204,"418,829",0.0131,"379,688",0.0023,"662,326",0.0163,"107,547,736",-0.2687,"12,718,000",-0.486,"8,345,659",-0.014,776.6,149.6,116179.36,-0.0795,13483.5,-0.0171,1.028129498
15,22,Niigata,"8,381,068",0.0186,"412,501",-0.0151,"378,866",-0.0022,"679,469",0.0259,"89,094,745",-0.1716,"11,191,000",-0.1201,"8,524,572",0.0214,761.1,151,114926.1,-0.0108,13366.8,-0.0087,1.015424645
15,23,Niigata,"8,477,805",0.0115,"405,955",-0.0159,"382,662",0.01,"685,914",0.0095,"128,743,741",0.445,"192,220,000",16.1763,"8,629,250",0.0123,758.4,151.7,115049.3,0.0011,13361.8,-0.0004,1.002495339
15,24,Niigata,"8,438,033",-0.0047,"408,762",0.0069,"384,936",0.0059,"699,503",0.0198,"186,683,593",0.45,"40,056,000",-0.7916,"8,569,064",-0.007,809.5,153.3,124096.4,0.0786,13295.9,-0.0049,1.003076902
15,25,Niigata,"8,596,570",0.0188,"401,989",-0.0166,"383,565",-0.0036,"707,663",0.0117,"230,250,943",0.2334,"50,573,000",0.2626,"8,797,035",0.0266,808.3,150.2,121406.7,-0.0217,13415.2,0.009,1.003531176
15,26,Niigata,"8,396,381",-0.0233,"401,054",-0.0023,"376,680",-0.018,"692,914",-0.0208,"482,677,639",1.0963,"138,672,000",1.742,"8,621,171",-0.02,811.2,150.6,122166.7,0.0063,13528.1,0.0084,1.024739825
15,27,Niigata,"8,452,698",0.0067,"393,053",-0.0199,"375,787",-0.0024,"710,275",0.0251,"2,211,122,465",3.581,"664,165,000",3.7895,"8,670,235",0.0057,812.7,151.5,123124.1,0.0078,13641.9,0.0084,1.041956308
15,28,Niigata,"8,491,847",0.0046,"384,960",-0.0206,"369,253",-0.0174,"714,398",0.0058,"4,150,749,377",0.8772,"399,449,141",-0.3986,"8,702,940",0.0038,808.9,150.8,121982.1,-0.0093,13814.8,0.0127,1.044890116
15,29,Niigata,"8,622,568",0.0154,"388,450",0.0091,"365,843",-0.0092,"711,101",-0.0046,"6,165,570,955",0.4854,"696,743,557",0.7443,"8,825,162",0.014,806.9,151.2,122003.3,0.0002,,,1.043120912
16,20,Toyama,"4,252,815",,"188,955",,"153,563",,"305,052",,"66,159,108",,"14,022,000",,"4,351,247",,402.9,153.9,62006.31,,6902.5,,1.039176639
16,21,Toyama,"3,995,502",-0.0605,"187,414",-0.0082,"157,402",0.025,"309,961",0.0161,"47,871,666",-0.2764,"8,712,000",-0.3787,"4,106,376",-0.0563,417.8,148.9,62210.42,0.0033,6789.2,-0.0164,1.032468761
16,22,Toyama,"4,292,660",0.0744,"185,793",-0.0086,"157,298",-0.0007,"317,633",0.0248,"46,781,970",-0.0228,"19,659,000",1.2565,"4,404,701",0.0726,422.3,151.7,64062.9,0.0298,6752.2,-0.0055,1.01265509
16,23,Toyama,"4,367,456",0.0174,"186,221",0.0023,"156,852",-0.0028,"319,190",0.0049,"51,377,032",0.0982,"124,829,000",5.3497,"4,484,684",0.0182,423.9,151.4,64178.5,0.0018,6821.6,0.0103,1.00171221
16,24,Toyama,"4,317,461",-0.0114,"183,710",-0.0135,"157,232",0.0024,"327,186",0.0251,"46,992,451",-0.0853,"44,815,000",-0.641,"4,408,721",-0.0169,407.8,151.7,61863.3,-0.0361,6803,-0.0027,1.001458728
16,25,Toyama,"4,360,044",0.0099,"174,971",-0.0476,"154,467",-0.0176,"332,908",0.0175,"54,273,411",0.1549,"29,198,000",-0.3485,"4,477,866",0.0157,403.2,151.1,60923.5,-0.0152,6844.7,0.0061,1.003953859
16,26,Toyama,"4,332,442",-0.0063,"176,715",0.01,"153,013",-0.0094,"329,332",-0.0107,"120,267,102",1.2159,"63,793,000",1.1848,"4,450,437",-0.0061,409.4,150.6,61655.6,0.012,6883,0.0056,1.022524018
16,27,Toyama,"4,380,871",0.0112,"175,912",-0.0045,"153,153",0.0009,"339,633",0.0313,"285,795,497",1.3763,"311,584,000",3.8843,"4,501,587",0.0115,408.8,152.1,62178.5,0.0085,7098.6,0.0313,1.037976466
16,28,Toyama,"4,324,552",-0.0129,"170,526",-0.0306,"149,933",-0.021,"341,041",0.0041,"515,079,659",0.8023,"180,618,203",-0.4203,"4,416,239",-0.019,411.2,151.8,62420.2,0.0039,7212.1,0.016,1.034981658
16,29,Toyama,"4,427,752",0.0239,"170,116",-0.0024,"149,349",-0.0039,"341,132",0.0003,"427,499,656",-0.17,"329,614,721",0.8249,"4,537,227",0.0274,415.8,151.3,62910.5,0.0079,,,1.035308436
17,20,Ishikawa,"4,241,879",,"223,125",,"193,926",,"334,242",,"50,891,160",,"12,960,000",,"4,316,632",,418.6,153.5,64255.1,,5014.6,,1.049867995
17,21,Ishikawa,"4,020,169",-0.0523,"220,399",-0.0122,"197,877",0.0204,"340,795",0.0196,"57,665,772",0.1331,"12,703,000",-0.0198,"4,126,501",-0.044,430.2,147.1,63282.42,-0.0151,4929.9,-0.0169,1.038328239
17,22,Ishikawa,"4,096,702",0.019,"212,884",-0.0341,"200,458",0.013,"348,700",0.0232,"48,388,285",-0.1609,"19,038,000",0.4987,"4,190,098",0.0154,429.1,150.7,64665.4,0.0219,4796.4,-0.0271,1.016795705
17,23,Ishikawa,"4,106,501",0.0024,"213,980",0.0051,"201,609",0.0057,"349,733",0.003,"43,344,757",-0.1042,"218,673,000",10.4861,"4,216,948",0.0064,431.2,149.7,64550.6,-0.0018,4729.8,-0.0139,1.000097894
17,24,Ishikawa,"4,163,459",0.0139,"205,690",-0.0387,"202,750",0.0057,"355,232",0.0157,"48,320,914",0.1148,"29,009,000",-0.8673,"4,265,795",0.0116,417.9,148.9,62225.3,-0.036,4682.4,-0.01,0.997663241
17,25,Ishikawa,"4,304,057",0.0338,"202,457",-0.0157,"200,107",-0.013,"360,545",0.015,"60,619,986",0.2545,"40,245,000",0.3873,"4,412,744",0.0344,416.7,148.3,61796.6,-0.0069,4706.4,0.0051,0.999224917
17,26,Ishikawa,"4,323,518",0.0045,"207,448",0.0247,"202,956",0.0142,"355,419",-0.0142,"230,022,782",2.7945,"96,270,000",1.3921,"4,452,143",0.0089,422,148.6,62709.2,0.0148,4765.6,0.0126,1.018781696
17,27,Ishikawa,"4,456,252",0.0307,"206,948",-0.0024,"205,697",0.0135,"368,933",0.038,"899,756,960",2.9116,"428,330,000",3.4493,"4,568,236",0.0261,427.5,151.1,64595.3,0.0301,4794,0.0059,1.030875049
17,28,Ishikawa,"4,462,084",0.0013,"202,166",-0.0231,"203,714",-0.0096,"371,021",0.0057,"1,675,046,431",0.8617,"253,829,671",-0.4074,"4,589,235",0.0046,434.7,150.5,65422.4,0.0128,5073.7,0.0583,1.031555883
17,29,Ishikawa,"4,537,345",0.0169,"203,481",0.0065,"202,901",-0.004,"368,096",-0.0079,"1,869,916,785",0.1163,"500,108,023",0.9703,"4,688,677",0.0217,435.6,151.7,66080.5,0.0101,,,1.030572064
18,20,Fukui,"3,358,276",,"150,071",,"126,821",,"211,663",,"87,515,196",,"5,998,000",,"3,473,832",,295,156.5,46167.5,,7169.9,,1.041636244
18,21,Fukui,"3,261,479",-0.0288,"148,976",-0.0073,"128,864",0.0161,"219,913",0.039,"78,984,284",-0.0975,"4,346,000",-0.2754,"3,407,069",-0.0192,288.4,152.5,43981,-0.0474,7093,-0.0107,1.036484675
18,22,Fukui,"3,375,703",0.035,"147,346",-0.0109,"129,413",0.0043,"226,366",0.0293,"87,441,413",0.1071,"9,654,000",1.2214,"3,542,526",0.0398,290.9,154.2,44856.8,0.0199,7075.4,-0.0025,1.017961592
18,23,Fukui,"3,378,637",0.0009,"148,846",0.0102,"128,721",-0.0053,"226,234",-0.0006,"78,325,164",-0.1043,"138,537,000",13.3502,"3,552,293",0.0028,293.6,151,44333.6,-0.0117,7156.8,0.0115,1.003853625
18,24,Fukui,"3,152,083",-0.0671,"142,693",-0.0413,"129,363",0.005,"232,484",0.0276,"89,945,117",0.1484,"13,338,000",-0.9037,"3,298,956",-0.0713,294.6,151.9,44749.7,0.0094,7061.1,-0.0134,1.001021547
18,25,Fukui,"3,175,041",0.0073,"136,651",-0.0423,"129,028",-0.0026,"236,340",0.0166,"100,606,818",0.1185,"14,504,000",0.0874,"3,355,969",0.0173,294.1,152.1,44732.6,-0.0004,7004.9,-0.008,1.00308311
18,26,Fukui,"3,013,294",-0.0509,"143,503",0.0501,"128,150",-0.0068,"232,785",-0.015,"106,885,163",0.0624,"48,700,000",2.3577,"3,215,111",-0.042,291.7,155,45213.5,0.0108,6904.6,-0.0143,1.019140515
18,27,Fukui,"3,153,301",0.0465,"148,945",0.0379,"128,287",0.0011,"241,315",0.0366,"535,367,265",4.0088,"247,209,000",4.0762,"3,314,195",0.0308,288.9,153,44201.7,-0.0224,6794.4,-0.016,1.033384063
18,28,Fukui,"3,099,709",-0.017,"139,973",-0.0602,"130,436",0.0168,"242,515",0.005,"1,226,588,552",1.2911,"144,429,083",-0.4158,"3,253,468",-0.0183,292.1,148.1,43260,-0.0213,6722.1,-0.0106,1.034219664
18,29,Fukui,"3,219,200",0.0385,"147,619",0.0546,"134,458",0.0308,"240,811",-0.007,"1,692,519,824",0.3799,"270,421,376",0.8723,"3,387,593",0.0412,294.4,148.4,43689,0.0099,,,1.032431039
19,20,Yamanashi,"3,116,252",,"160,869",,"143,432",,"231,783",,"58,829,637",,"11,727,000",,"3,157,081",,256.4,153.8,39434.32,,4274.3,,1.046683323
19,21,Yamanashi,"2,910,091",-0.0662,"159,280",-0.0099,"145,303",0.013,"236,781",0.0216,"70,246,927",0.1941,"9,033,000",-0.2297,"2,995,078",-0.0513,271.3,149.3,40505.09,0.0272,4166,-0.0253,1.040344443
19,22,Yamanashi,"3,169,828",0.0893,"156,255",-0.019,"146,674",0.0094,"244,420",0.0323,"77,347,072",0.1011,"9,820,000",0.0871,"3,287,946",0.0978,269.6,148.2,39954.7,-0.0136,4003.3,-0.039,1.017142571
19,23,Yamanashi,"3,199,904",0.0095,"156,184",-0.0005,"151,550",0.0332,"246,137",0.007,"83,214,786",0.0759,"93,712,000",8.543,"3,333,902",0.014,271.1,150,40665,0.0178,3917.2,-0.0215,0.999413732
19,24,Yamanashi,"3,046,324",-0.048,"157,613",0.0091,"152,676",0.0074,"252,826",0.0272,"81,395,977",-0.0219,"17,344,000",-0.8149,"3,154,401",-0.0538,269.7,147.6,39807.7,-0.0211,3813.2,-0.0266,0.99657259
19,25,Yamanashi,"3,104,580",0.0191,"153,827",-0.024,"155,404",0.0179,"255,688",0.0113,"119,437,013",0.4674,"19,178,000",0.1057,"3,209,486",0.0175,265.4,147.2,39066.9,-0.0186,3816.9,0.001,0.995729857
19,26,Yamanashi,"3,095,860",-0.0028,"151,632",-0.0143,"156,431",0.0066,"252,656",-0.0119,"359,353,522",2.0087,"51,325,000",1.6762,"3,176,785",-0.0102,267.8,146.8,39313,0.0063,3827.1,0.0027,1.010239158
19,27,Yamanashi,"3,167,694",0.0232,"146,326",-0.035,"164,298",0.0503,"262,895",0.0405,"1,560,035,663",3.3412,"343,347,000",5.6897,"3,253,411",0.0241,272.4,145.6,39661.4,0.0089,3798.7,-0.0074,1.027052802
19,28,Yamanashi,"3,219,260",0.0163,"148,602",0.0156,"160,604",-0.0225,"267,305",0.0168,"2,598,469,760",0.6656,"198,208,860",-0.4227,"3,301,216",0.0147,272.3,145.7,39674.1,0.0003,3975.9,0.0467,1.030753962
19,29,Yamanashi,"3,345,844",0.0393,"155,292",0.045,"160,389",-0.0013,"267,010",-0.0011,"4,329,260,588",0.6661,"359,155,074",0.812,"3,414,367",0.0343,276.1,145.1,40062.1,0.0098,,,1.025677228
20,20,Nagano,"7,601,815",,"411,269",,"315,187",,"555,036",,"286,131,941",,"20,702,000",,"7,649,641",,719.8,152.2,109553.56,,12378,,1.05830897
20,21,Nagano,"7,410,437",-0.0252,"412,180",0.0022,"306,486",-0.0276,"566,892",0.0214,"201,101,083",-0.2972,"19,229,000",-0.0712,"7,484,963",-0.0215,705.2,149.6,105497.92,-0.037,12056.2,-0.026,1.044877515
20,22,Nagano,"7,662,794",0.0341,"398,198",-0.0339,"327,472",0.0685,"580,475",0.024,"159,300,069",-0.2079,"20,287,000",0.055,"7,731,708",0.033,693.8,149.5,103723.1,-0.0168,11716.9,-0.0281,1.020395041
20,23,Nagano,"7,862,348",0.026,"420,386",0.0557,"317,045",-0.0318,"590,190",0.0167,"193,687,760",0.2159,"230,667,000",10.3702,"7,929,183",0.0255,692.4,148.9,103098.4,-0.006,11520,-0.0168,0.998514312
20,24,Nagano,"7,674,908",-0.0238,"410,819",-0.0228,"317,984",0.003,"605,739",0.0263,"300,405,813",0.551,"41,818,000",-0.8187,"7,734,243",-0.0246,701.8,150.6,105691.1,0.0251,11420.3,-0.0086,0.994830948
20,25,Nagano,"7,763,056",0.0115,"404,785",-0.0147,"315,110",-0.009,"620,166",0.0238,"837,461,202",1.7878,"65,447,000",0.565,"7,905,940",0.0222,698.6,149.9,104720.1,-0.0092,11400.9,-0.0017,0.996001961
20,26,Nagano,"7,803,066",0.0052,"406,160",0.0034,"315,800",0.0022,"614,329",-0.0094,"2,065,403,748",1.4663,"170,951,000",1.6121,"7,882,717",-0.0029,704.8,149,105015.2,0.0028,11442,0.0036,1.012011817
20,27,Nagano,"8,031,382",0.0293,"407,888",0.0043,"319,778",0.0126,"633,604",0.0314,"10,175,970,024",3.9269,"834,699,000",3.8827,"8,175,008",0.0371,712.1,149.1,106174.1,0.011,11488.2,0.004,1.027502241
20,28,Nagano,"8,010,843",-0.0026,"404,911",-0.0073,"318,334",-0.0045,"637,472",0.0061,"18,460,173,868",0.8141,"471,003,168",-0.4357,"8,138,669",-0.0044,720.6,150,108090,0.018,11548.2,0.0052,1.029295668
20,29,Nagano,"8,223,754",0.0266,"404,619",-0.0007,"317,488",-0.0027,"636,016",-0.0023,"13,115,178,116",-0.2895,"781,877,913",0.66,"8,361,107",0.0273,726.2,148.5,107840.7,-0.0023,,,1.026499212
21,20,Gifu,"7,310,493",,"343,957",,"269,709",,"533,314",,"173,962,443",,"29,038,000",,"7,693,993",,647.7,149.2,96636.84,,9370.7,,1.031837661
21,21,Gifu,"6,977,444",-0.0456,"343,700",-0.0007,"269,980",0.001,"550,027",0.0313,"217,242,772",0.2488,"18,973,000",-0.3466,"7,340,126",-0.046,649,144.6,93845.4,-0.0289,9190.2,-0.0193,1.030367997
21,22,Gifu,"7,119,368",0.0203,"339,162",-0.0132,"269,031",-0.0035,"565,715",0.0285,"174,128,410",-0.1985,"26,636,000",0.4039,"7,468,096",0.0174,635.2,149.1,94708.3,0.0092,8957.6,-0.0253,1.013378575
21,23,Gifu,"7,223,192",0.0146,"343,057",0.0115,"272,702",0.0136,"574,339",0.0152,"102,555,950",-0.411,"310,435,000",10.6547,"7,561,221",0.0125,632.7,147.3,93196.7,-0.016,8803.3,-0.0172,1.001141324
21,24,Gifu,"7,223,790",0.0001,"341,646",-0.0041,"274,099",0.0051,"590,411",0.028,"203,001,631",0.9794,"49,356,000",-0.841,"7,583,863",0.003,649.1,145.1,94184.4,0.0106,8707.3,-0.0109,1.0014156
21,25,Gifu,"7,133,291",-0.0125,"339,355",-0.0067,"276,363",0.0083,"603,236",0.0217,"375,886,633",0.8516,"80,540,000",0.6318,"7,519,578",-0.0085,644.6,145.9,94047.1,-0.0015,8739.9,0.0037,1.001049165
21,26,Gifu,"7,165,118",0.0045,"334,537",-0.0142,"274,455",-0.0069,"593,237",-0.0166,"542,235,631",0.4426,"195,702,000",1.4299,"7,580,907",0.0082,638.1,144.7,92333.1,-0.0182,8767.6,0.0032,1.020207762
21,27,Gifu,"7,264,978",0.0139,"339,713",0.0155,"277,712",0.0119,"616,669",0.0395,"1,884,785,932",2.476,"1,191,817,000",5.09,"7,664,174",0.011,651.9,147.4,96090.1,0.0407,8927.6,0.0183,1.036767076
21,28,Gifu,"7,335,981",0.0098,"332,257",-0.0219,"275,923",-0.0064,"618,247",0.0026,"5,031,796,227",1.6697,"714,818,620",-0.4002,"7,731,387",0.0088,665.5,141.8,94367.9,-0.0179,9192.3,0.0296,1.036373049
21,29,Gifu,"7,534,883",0.0271,"335,352",0.0093,"276,076",0.0006,"617,161",-0.0018,"10,565,305,167",1.0997,"1,250,628,099",0.7496,"7,911,798",0.0233,664.5,143.2,95156.4,0.0084,,,1.031054364
22,20,Shizuoka,"16,515,204",,"574,712",,"521,660",,"910,910",,"30,362,027",,"19,788,000",,"16,779,467",,1269,153.2,194410.8,,23181.5,,1.033066743
22,21,Shizuoka,"15,363,659",-0.0697,"583,037",0.0145,"529,603",0.0152,"955,252",0.0487,"61,855,236",1.0373,"22,266,000",0.1252,"15,706,620",-0.0639,1326.8,144.5,191722.6,-0.0138,22742,-0.019,1.037034277
22,22,Shizuoka,"16,000,518",0.0415,"548,266",-0.0596,"536,530",0.0131,"975,307",0.021,"49,513,427",-0.1995,"32,736,000",0.4702,"16,403,131",0.0443,"1,320.90",150,198135,0.0334,22306.4,-0.0192,1.014431908
22,23,Shizuoka,"16,301,049",0.0188,"575,053",0.0489,"540,258",0.0069,"981,022",0.0059,"66,394,723",0.3409,"426,009,000",12.0135,"16,749,868",0.0211,"1,328.20",148.1,196706.4,-0.0072,21881.5,-0.019,0.999974051
22,24,Shizuoka,"16,184,499",-0.0071,"563,517",-0.0201,"542,389",0.0039,"1,007,763",0.0273,"67,552,480",0.0174,"81,807,000",-0.808,"16,526,760",-0.0133,"1,393.70",148.4,206825.1,0.0514,21410.8,-0.0215,1.000066916
22,25,Shizuoka,"16,461,649",0.0171,"541,824",-0.0385,"541,315",-0.002,"1,023,244",0.0154,"150,817,422",1.2326,"120,629,000",0.4746,"16,962,432",0.0264,"1,388.10",147.3,204467.1,-0.0114,21128.2,-0.0132,1.002483652
22,26,Shizuoka,"16,085,145",-0.0229,"542,891",0.002,"535,000",-0.0117,"1,009,192",-0.0137,"1,215,244,104",7.0577,"366,696,000",2.0399,"16,741,389",-0.013,"1,385.40",146,202268.4,-0.0108,21059.8,-0.0032,1.0214598
22,27,Shizuoka,"16,279,040",0.0121,"544,283",0.0026,"545,305",0.0193,"1,043,600",0.0341,"9,060,952,859",6.4561,"1,913,501,000",4.2182,"16,838,286",0.0058,"1,396.20",148.6,207475.3,0.0257,21232.8,0.0082,1.04075787
22,28,Shizuoka,"16,484,726",0.0126,"537,480",-0.0125,"539,958",-0.0098,"1,047,403",0.0036,"17,021,045,413",0.8785,"1,146,319,155",-0.4009,"17,038,642",0.0119,1398.6,147.6,206433.4,-0.005,21114.9,-0.0056,1.036119496
22,29,Shizuoka,"16,793,435",0.0187,"540,179",0.005,"542,480",0.0047,"1,049,912",0.0024,"18,030,728,646",0.0593,"2,041,785,166",0.7812,"17,433,933",0.0232,"1,400.60",146.6,205328,-0.0054,,,1.02882287
23,20,Aichi,"34,791,182",,"1,170,148",,"1,057,629",,"1,701,214",,"114,577,000",,"85,198,000",,"34,345,381",,2882,149.9,432011.8,,48494.1,,1.033837511
23,21,Aichi,"33,143,447",-0.0474,"1,152,487",-0.0151,"1,059,286",0.0016,"1,793,965",0.0545,"139,668,198",0.219,"69,460,000",-0.1847,"32,877,774",-0.0427,2920.7,141.9,414447.33,-0.0407,47652.2,-0.0174,1.035332324
23,22,Aichi,"33,356,426",0.0064,"1,135,363",-0.0149,"1,060,419",0.0011,"1,866,681",0.0405,"171,582,280",0.2285,"86,307,000",0.2425,"33,208,435",0.0101,"2,907.00",145.6,423259.2,0.0213,46394.8,-0.0264,1.015466165
23,23,Aichi,"34,991,626",0.049,"1,178,989",0.0384,"1,089,557",0.0275,"1,892,561",0.0139,"203,390,405",0.1854,"1,365,658,000",14.8233,"34,733,710",0.0459,"2,887.00",145.4,419769.8,-0.0082,45803.2,-0.0128,1.00031759
23,24,Aichi,"36,472,855",0.0423,"1,144,179",-0.0295,"1,090,542",0.0009,"1,951,121",0.0309,"403,686,852",0.9848,"236,589,000",-0.8268,"36,152,145",0.0408,"2,937.40",146.6,430622.8,0.0259,45394.1,-0.0089,1.004932408
23,25,Aichi,"37,303,903",0.0228,"1,106,345",-0.0331,"1,109,739",0.0176,"1,996,714",0.0234,"402,193,572",-0.0037,"348,662,000",0.4737,"37,143,965",0.0274,"2,944.00",145.8,429235.2,-0.0032,45588.2,0.0043,1.01246521
23,26,Aichi,"37,084,284",-0.0059,"1,111,543",0.0047,"1,124,787",0.0136,"1,988,400",-0.0042,"470,733,246",0.1704,"1,168,131,000",2.3503,"36,957,694",-0.005,"2,968.40",146.2,433980.1,0.0111,46007.4,0.0092,1.035937029
23,27,Aichi,"37,441,265",0.0096,"1,132,120",0.0185,"1,144,357",0.0174,"2,068,347",0.0402,"2,048,954,857",3.3527,"7,090,693,000",5.0701,"37,342,703",0.0104,"2,987.50",145.9,435876.3,0.0044,47057.6,0.0228,1.055412711
23,28,Aichi,"37,552,069",0.003,"1,119,349",-0.0113,"1,149,527",0.0045,"2,088,313",0.0097,"3,904,719,930",0.9057,"4,290,347,854",-0.3949,"37,265,558",-0.0021,3002.5,144.6,434161.5,-0.0039,47358.8,0.0064,1.04897613
23,29,Aichi,"38,624,871",0.0286,"1,156,254",0.033,"1,144,791",-0.0041,"2,104,791",0.0079,"5,159,775,677",0.3214,"7,438,160,309",0.7337,"38,266,936",0.0269,"3,022.10",144.2,435786.8,0.0037,,,1.043363769
24,20,Mie,"7,264,691",,"396,547",,"394,172",,"387,593",,"55,113,608",,"13,297,000",,"7,591,820",,523.7,148,77507.6,,11614.3,,1.06993539
24,21,Mie,"6,949,302",-0.0434,"406,913",0.0261,"395,695",0.0039,"395,207",0.0196,"153,304,994",1.7816,"14,813,000",0.114,"7,307,349",-0.0375,578.1,141.5,81801.15,0.0554,11494.6,-0.0103,1.070441319
24,22,Mie,"7,389,615",0.0634,"400,591",-0.0155,"405,923",0.0258,"410,068",0.0376,"64,736,087",-0.5777,"13,602,000",-0.0818,"7,781,578",0.0649,572.2,144.3,82568.5,0.0094,11460.1,-0.003,1.034724272
24,23,Mie,"7,409,718",0.0027,"402,109",0.0038,"424,887",0.0467,"412,207",0.0052,"77,899,242",0.2033,"227,825,000",15.7494,"7,844,591",0.0081,557.9,143.3,79947.1,-0.0317,11528,0.0059,0.997634863
24,24,Mie,"7,639,883",0.0311,"405,494",0.0084,"423,153",-0.0041,"430,196",0.0436,"74,477,583",-0.0439,"47,509,000",-0.7915,"7,985,467",0.018,627.9,148.3,93117.6,0.1647,11630.1,0.0089,0.993292175
24,25,Mie,"7,904,015",0.0346,"396,775",-0.0215,"430,353",0.017,"441,876",0.0272,"226,506,292",2.0413,"60,123,000",0.2655,"8,280,879",0.037,619.5,148.4,91933.8,-0.0127,11784.3,0.0133,0.99632111
24,26,Mie,"7,609,578",-0.0373,"393,138",-0.0092,"427,001",-0.0078,"435,368",-0.0147,"650,739,134",1.8729,"178,078,000",1.9619,"7,983,328",-0.0359,615.5,148.8,91586.4,-0.0038,11870,0.0073,1.004307203
24,27,Mie,"7,594,128",-0.002,"396,036",0.0074,"429,197",0.0051,"453,130",0.0408,"2,190,946,622",2.3669,"1,030,174,000",4.785,"7,904,779",-0.0098,622,146.3,90998.6,-0.0064,11765.6,-0.0088,1.037195054
24,28,Mie,"7,824,086",0.0303,"391,183",-0.0123,"430,004",0.0019,"457,490",0.0096,"3,048,751,633",0.3915,"605,341,092",-0.4124,"8,072,018",0.0212,621,145.7,90479.7,-0.0057,11897.3,0.0112,1.035157461
24,29,Mie,"7,970,124",0.0187,"392,807",0.0042,"433,173",0.0074,"457,990",0.0011,"2,853,026,235",-0.0642,"1,069,709,600",0.7671,"8,241,005",0.0209,626.2,146.1,91487.8,0.0111,,,1.032259348
25,20,Shiga,"5,771,937",,"218,144",,"202,664",,"361,416",,"60,131,605",,"20,000,000",,"5,878,631",,437.5,148.7,65056.25,,7591.7,,1.042912457
25,21,Shiga,"5,618,226",-0.0266,"212,124",-0.0276,"206,733",0.0201,"349,323",-0.0335,"64,567,903",0.0738,"22,489,000",0.1245,"5,779,658",-0.0168,446,142.6,63599.6,-0.0224,7501.4,-0.0119,1.044698629
25,22,Shiga,"5,916,241",0.053,"214,540",0.0114,"211,987",0.0254,"364,115",0.0423,"44,804,356",-0.3061,"17,022,000",-0.2431,"6,120,723",0.059,436.4,144.4,63016.2,-0.0092,7460.9,-0.0054,1.017401083
25,23,Shiga,"5,889,531",-0.0045,"217,409",0.0134,"217,535",0.0262,"369,543",0.0149,"127,727,690",1.8508,"205,032,000",11.0451,"6,115,041",-0.0009,436.5,144.3,62987,-0.0005,7524.1,0.0085,1.00040954
25,24,Shiga,"5,721,591",-0.0285,"210,543",-0.0316,"223,352",0.0267,"379,897",0.028,"45,861,525",-0.6409,"42,860,000",-0.791,"5,933,769",-0.0296,471.2,147.2,69360.6,0.1012,7747.3,0.0297,1.001209629
25,25,Shiga,"5,844,496",0.0215,"213,497",0.014,"223,892",0.0024,"388,981",0.0239,"65,431,783",0.4267,"57,675,000",0.3457,"6,074,347",0.0237,475,145.8,69255,-0.0015,7926.1,0.0231,1.004068614
25,26,Shiga,"5,833,152",-0.0019,"211,596",-0.0089,"227,790",0.0174,"387,982",-0.0026,"385,584,695",4.8929,"173,272,000",2.0043,"6,088,784",0.0024,468.4,143.6,67262.2,-0.0288,8067.3,0.0178,1.018699667
25,27,Shiga,"5,932,521",0.017,"216,003",0.0208,"230,474",0.0118,"399,839",0.0306,"1,575,201,482",3.0852,"992,981,000",4.7308,"6,208,418",0.0196,480.2,142.4,68380.5,0.0166,8075.6,0.001,1.039909509
25,28,Shiga,"6,161,389",0.0386,"212,432",-0.0165,"230,995",0.0023,"409,477",0.0241,"2,934,602,790",0.863,"592,782,150",-0.403,"6,393,305",0.0298,483,143,69069,0.0101,8127.6,0.0064,1.034805464
25,29,Shiga,"6,347,904",0.0303,"212,967",0.0025,"230,119",-0.0038,"411,833",0.0058,"3,392,759,151",0.1561,"1,024,348,303",0.728,"6,593,687",0.0313,493.5,144.4,71261.4,0.0317,,,1.029196251
26,20,Kyoto,"9,665,618",,"555,572",,"477,097",,"713,477",,"55,512,875",,"41,504,000",,"9,789,618",,800.6,144.2,115446.52,,11584.8,,1.032823457
26,21,Kyoto,"9,370,910",-0.0305,"561,438",0.0106,"476,496",-0.0013,"732,364",0.0265,"63,531,494",0.1444,"46,876,000",0.1294,"9,497,626",-0.0298,834.3,139.8,116635.14,0.0103,11404.1,-0.0156,1.023744225
26,22,Kyoto,"9,565,227",0.0207,"547,602",-0.0246,"482,766",0.0132,"756,009",0.0323,"97,448,550",0.5339,"46,065,000",-0.0173,"9,719,386",0.0233,827.9,141.1,116816.7,0.0016,11252.7,-0.0133,1.010666657
26,23,Kyoto,"9,760,135",0.0204,"537,001",-0.0194,"503,418",0.0428,"764,871",0.0117,"66,829,722",-0.3142,"459,765,000",8.9808,"9,913,672",0.02,828.9,140.7,116626.2,-0.0016,11369.1,0.0103,1.000468026
26,24,Kyoto,"9,703,070",-0.0058,"542,107",0.0095,"514,903",0.0228,"786,748",0.0286,"116,812,492",0.7479,"99,017,000",-0.7846,"9,809,753",-0.0105,856.2,140.2,120039.2,0.0293,11207.2,-0.0142,0.997881289
26,25,Kyoto,"9,681,219",-0.0023,"518,771",-0.043,"521,001",0.0118,"805,673",0.0241,"107,766,415",-0.0774,"131,023,000",0.3232,"9,833,877",0.0025,852.9,140.9,120173.6,0.0011,11146.8,-0.0054,0.9979547
26,26,Kyoto,"9,782,895",0.0105,"523,168",0.0085,"539,678",0.0358,"796,804",-0.011,"258,455,484",1.3983,"393,260,000",2.0015,"9,967,528",0.0136,851.4,139.7,118940.6,-0.0103,11277.8,0.0118,1.018368796
26,27,Kyoto,"10,193,529",0.042,"540,871",0.0338,"548,307",0.016,"829,662",0.0412,"1,250,305,239",3.8376,"2,330,537,000",4.9262,"10,348,249",0.0382,864,139,120096,0.0097,11577.5,0.0266,1.027772227
26,28,Kyoto,"10,319,186",0.0123,"524,844",-0.0296,"545,044",-0.006,"839,718",0.0121,"1,165,400,160",-0.0679,"1,356,076,598",-0.4181,"10,468,388",0.0116,870.4,138.2,120289.3,0.0016,11730.3,0.0132,1.027308937
26,29,Kyoto,"10,504,450",0.018,"518,152",-0.0128,"546,127",0.002,"841,594",0.0022,"1,302,721,523",0.1178,"2,281,598,413",0.6825,"10,686,854",0.0209,879.2,138.4,121681.3,0.0116,,,1.028099234
27,20,Osaka,"37,205,734",,"1,093,027",,"1,328,947",,"2,538,219",,"382,464,828",,"180,242,000",,"36,153,988",,3062.1,148.1,453497.01,,47813.6,,1.036066511
27,21,Osaka,"35,959,334",-0.0335,"1,082,142",-0.01,"1,322,761",-0.0047,"2,610,672",0.0285,"403,086,005",0.0539,"177,479,000",-0.0153,"35,016,089",-0.0315,3078.6,144.1,443626.26,-0.0218,46955.3,-0.018,1.020601049
27,22,Osaka,"36,680,374",0.0201,"1,074,119",-0.0074,"1,339,158",0.0124,"2,698,431",0.0336,"443,137,863",0.0994,"202,956,000",0.1435,"35,798,795",0.0224,"3,061.50",145.4,445142.1,0.0034,46116.2,-0.0179,1.008487509
27,23,Osaka,"37,577,648",0.0245,"1,061,403",-0.0118,"1,368,721",0.0221,"2,739,078",0.0151,"324,136,622",-0.2685,"1,469,897,000",6.2424,"36,688,832",0.0249,"3,051.30",145.2,443048.8,-0.0047,45571.7,-0.0118,1.000445424
27,24,Osaka,"37,328,301",-0.0066,"1,035,596",-0.0243,"1,386,748",0.0132,"2,815,560",0.0279,"548,085,425",0.6909,"412,464,000",-0.7194,"36,355,999",-0.0091,"3,567.70",144.7,516246.2,0.1652,45293.7,-0.0061,0.995125897
27,25,Osaka,"37,567,850",0.0064,"989,674",-0.0443,"1,364,904",-0.0158,"2,891,711",0.027,"688,922,501",0.257,"546,382,000",0.3247,"36,933,285",0.0159,"3,612.30",142.8,515836.4,-0.0008,45291.5,-0.0001,0.993872314
27,26,Osaka,"37,366,965",-0.0053,"1,017,662",0.0283,"1,394,102",0.0214,"2,871,982",-0.0068,"1,076,367,259",0.5624,"1,604,696,000",1.9369,"36,761,587",-0.0046,"3,676.50",143,525739.5,0.0192,45453.2,0.0036,1.019281282
27,27,Osaka,"37,904,360",0.0144,"1,006,319",-0.0111,"1,407,711",0.0098,"3,004,351",0.0461,"3,549,200,973",2.2974,"8,421,249,000",4.2479,"37,404,181",0.0175,"3,757.50",142,533565,0.0149,45653.7,0.0044,1.026037981
27,28,Osaka,"37,888,773",-0.0004,"982,964",-0.0232,"1,400,410",-0.0052,"3,037,463",0.011,"7,158,545,927",1.0169,"5,038,946,856",-0.4016,"37,068,187",-0.009,3842.1,141.6,544041.4,0.0196,45846.9,0.0042,1.024135778
27,29,Osaka,"38,974,885",0.0287,"1,015,051",0.0326,"1,398,824",-0.0011,"3,063,119",0.0084,"19,526,051,207",1.7277,"8,837,551,681",0.7538,"38,347,070",0.0345,"3,919.00",141,552579,0.0157,,,1.028097119
28,20,Hyogo,"19,546,124",,"692,711",,"824,227",,"1,430,351",,"308,394,106",,"108,645,000",,"21,210,589",,1675,143.4,240195,,26528.9,,1.033732468
28,21,Hyogo,"18,198,211",-0.069,"688,772",-0.0057,"833,510",0.0113,"1,501,574",0.0498,"349,037,865",0.1318,"102,410,000",-0.0574,"19,972,672",-0.0584,1690.9,138.5,234189.65,-0.025,26118.4,-0.0155,1.03194248
28,22,Hyogo,"19,374,418",0.0646,"689,662",0.0013,"854,473",0.0252,"1,557,174",0.037,"1,443,106,270",3.1345,"101,630,000",-0.0076,"20,804,266",0.0416,"1,676.80",140.3,235255,0.0045,25811.4,-0.0118,1.013959284
28,23,Hyogo,"19,398,678",0.0013,"692,770",0.0045,"869,643",0.0178,"1,580,097",0.0147,"316,839,366",-0.7804,"835,077,000",7.2168,"20,864,376",0.0029,"1,665.90",142.5,237390.8,0.0091,25790.1,-0.0008,1.000592205
28,24,Hyogo,"19,550,056",0.0078,"672,006",-0.03,"865,120",-0.0052,"1,548,702",-0.0199,"359,258,684",0.1339,"208,673,000",-0.7501,"21,054,698",0.0091,"1,714.20",142.9,244959.2,0.0319,25753.8,-0.0014,0.998940361
28,25,Hyogo,"19,860,610",0.0159,"646,559",-0.0379,"867,727",0.003,"1,591,639",0.0277,"467,199,741",0.3005,"295,924,000",0.4181,"21,489,716",0.0207,"1,707.10",140.9,240530.4,-0.0181,25806.6,0.0021,0.997188052
28,26,Hyogo,"19,953,214",0.0047,"646,080",-0.0007,"846,724",-0.0242,"1,575,390",-0.0102,"1,524,151,531",2.2623,"983,557,000",2.3237,"21,547,678",0.0027,"1,705.20",140.8,240092.2,-0.0018,26081.7,0.0107,1.017579925
28,27,Hyogo,"20,173,713",0.0111,"650,960",0.0076,"881,492",0.0411,"1,634,931",0.0378,"4,321,586,375",1.8354,"5,269,634,000",4.3577,"21,707,569",0.0074,"1,711.00",138.9,237657.9,-0.0101,26191.5,0.0042,1.032501404
28,28,Hyogo,"20,300,043",0.0063,"650,040",-0.0014,"925,388",0.0498,"1,655,039",0.0123,"6,525,097,479",0.5099,"3,157,658,992",-0.4008,"21,792,295",0.0039,1723.5,136.7,235602.5,-0.0086,26431.1,0.0091,1.031415549
28,29,Hyogo,"20,739,565",0.0217,"634,763",-0.0235,"973,273",0.0517,"1,647,554",-0.0045,"6,785,817,559",0.04,"5,534,474,065",0.7527,"22,393,717",0.0276,"1,719.50",136,233852,-0.0074,,,1.028412264
29,20,Nara,"3,532,076",,"243,132",,"171,159",,"322,436",,"97,653,692",,"33,681,000",,"4,457,024",,318.8,140.7,44855.16,,4047.7,,1.03130765
29,21,Nara,"3,415,353",-0.033,"242,820",-0.0013,"176,728",0.0325,"327,215",0.0148,"70,621,913",-0.2768,"24,965,000",-0.2588,"4,278,486",-0.0401,331.7,138.8,46039.96,0.0264,3979.6,-0.0168,1.02693338
29,22,Nara,"3,538,718",0.0361,"242,163",-0.0027,"179,349",0.0148,"333,883",0.0204,"72,458,657",0.026,"28,592,000",0.1453,"4,384,399",0.0248,328.4,137.3,45089.3,-0.0206,3924.1,-0.0139,1.011638961
29,23,Nara,"3,469,751",-0.0195,"244,028",0.0077,"181,619",0.0127,"345,829",0.0358,"75,284,142",0.039,"255,610,000",7.9399,"4,319,656",-0.0148,322.7,136.1,43919.5,-0.0259,3889,-0.0089,1.00098105
29,24,Nara,"3,452,452",-0.005,"250,123",0.025,"177,576",-0.0223,"356,506",0.0309,"166,588,133",1.2128,"62,604,000",-0.7551,"4,315,932",-0.0009,341.9,137.5,47011.3,0.0704,3892.5,0.0009,1.000113253
29,25,Nara,"3,508,285",0.0162,"242,123",-0.032,"174,507",-0.0173,"372,226",0.0441,"191,232,212",0.1479,"82,749,000",0.3218,"4,413,871",0.0227,337.8,137.1,46312.4,-0.0149,3911.9,0.005,0.996986847
29,26,Nara,"3,482,290",-0.0074,"240,421",-0.007,"176,468",0.0112,"373,773",0.0042,"167,599,083",-0.1236,"213,876,000",1.5846,"4,360,975",-0.012,337.6,136.4,46048.6,-0.0057,3907.8,-0.001,1.013227503
29,27,Nara,"3,481,549",-0.0002,"238,473",-0.0081,"178,359",0.0107,"388,297",0.0389,"766,372,749",3.5727,"1,232,300,000",4.7617,"4,341,904",-0.0044,335.5,134.4,45091.2,-0.0208,3955.2,0.0121,1.024287465
29,28,Nara,"3,558,529",0.0221,"238,586",0.0005,"183,420",0.0284,"399,422",0.0287,"910,116,676",0.1876,"736,044,027",-0.4027,"4,353,695",0.0027,337.7,134.5,45420.7,0.0073,3950.6,-0.0011,1.025230088
29,29,Nara,"3,611,713",0.0149,"236,746",-0.0077,"189,732",0.0344,"401,392",0.0049,"1,444,087,198",0.5867,"1,242,303,295",0.6878,"4,471,951",0.0272,332.1,136.2,45232,-0.0042,,,1.023073262
30,20,Wakayama,"3,479,231",,"200,905",,"163,456",,"293,188",,"56,630,284",,"5,037,000",,"3,572,360",,234.6,154,36128.4,,5180.3,,1.028742846
30,21,Wakayama,"3,313,195",-0.0477,"200,192",-0.0035,"163,717",0.0016,"294,805",0.0055,"50,072,892",-0.1158,"5,772,000",0.1459,"3,440,678",-0.0369,256,144.3,36940.8,0.0225,5090.7,-0.0173,1.012623766
30,22,Wakayama,"3,460,375",0.0444,"191,567",-0.0431,"166,369",0.0162,"307,045",0.0415,"105,835,433",1.1136,"5,552,000",-0.0381,"3,616,860",0.0512,253.9,144.3,36637.8,-0.0082,4988.5,-0.0201,1.012694867
30,23,Wakayama,"3,565,508",0.0304,"195,036",0.0181,"167,804",0.0086,"305,655",-0.0045,"69,655,053",-0.3419,"107,763,000",18.4098,"3,726,736",0.0304,253.9,143.2,36358.5,-0.0076,4954.5,-0.0068,1.001808157
30,24,Wakayama,"3,585,184",0.0055,"190,076",-0.0254,"168,668",0.0051,"313,545",0.0258,"117,896,237",0.6926,"15,909,000",-0.8524,"3,741,042",0.0038,271.1,145.9,39553.5,0.0879,4903.3,-0.0103,0.991388726
30,25,Wakayama,"3,632,625",0.0132,"185,965",-0.0216,"166,756",-0.0113,"314,890",0.0043,"113,457,292",-0.0377,"22,351,000",0.4049,"3,842,345",0.0271,276,144.3,39826.8,0.0069,4887.2,-0.0033,0.982598809
30,26,Wakayama,"3,461,236",-0.0472,"189,722",0.0202,"166,047",-0.0043,"310,694",-0.0133,"425,111,248",2.7469,"98,175,000",3.3924,"3,665,699",-0.046,276.8,145.9,40385.1,0.014,4840.9,-0.0095,1.010356705
30,27,Wakayama,"3,340,458",-0.0349,"191,610",0.01,"165,525",-0.0031,"321,739",0.0355,"1,683,049,152",2.9591,"465,281,000",3.7393,"3,549,923",-0.0316,273.8,148.6,40686.7,0.0075,4884.5,0.009,1.041368279
30,28,Wakayama,"3,485,674",0.0435,"188,928",-0.014,"162,467",-0.0185,"323,009",0.0039,"3,477,699,277",1.0663,"285,794,155",-0.3858,"3,655,656",0.0298,282.2,145.9,41173,0.012,4847.1,-0.0077,1.044550351
30,29,Wakayama,"3,314,986",-0.049,"188,585",-0.0018,"160,480",-0.0122,"323,286",0.0009,"9,874,717,234",1.8394,"486,477,870",0.7022,"3,500,401",-0.0425,284.7,145.6,41452.3,0.0068,,,1.047767623
31,20,Tottori,"1,812,179",,"137,178",,"103,842",,"179,027",,"72,879,931",,"5,052,000",,"1,796,027",,171.1,154.6,26452.06,,2287.6,,1.05017937
31,21,Tottori,"1,764,339",-0.0264,"138,962",0.013,"107,723",0.0374,"181,802",0.0155,"62,701,997",-0.1397,"4,142,000",-0.1801,"1,759,702",-0.0202,176.5,149.4,26369.1,-0.0031,2240.2,-0.0207,1.037303489
31,22,Tottori,"1,728,079",-0.0206,"140,885",0.0138,"106,972",-0.007,"187,581",0.0318,"107,610,501",0.7162,"4,813,000",0.162,"1,741,082",-0.0106,172.6,150.5,25976.3,-0.0149,2172.1,-0.0304,1.016480728
31,23,Tottori,"1,728,652",0.0003,"140,786",-0.0007,"107,070",0.0009,"188,866",0.0069,"116,546,264",0.083,"40,503,000",7.4153,"1,744,785",0.0021,172.6,150.7,26010.8,0.0013,2130.8,-0.019,0.99928557
31,24,Tottori,"1,724,312",-0.0025,"139,995",-0.0056,"109,924",0.0267,"194,796",0.0314,"236,104,558",1.0258,"12,356,000",-0.6949,"1,744,091",-0.0004,179.6,151.2,27155.5,0.044,2101.1,-0.014,0.993949471
31,25,Tottori,"1,756,357",0.0186,"141,145",0.0082,"110,344",0.0038,"197,441",0.0136,"1,131,177,599",3.791,"16,271,000",0.3169,"1,782,074",0.0218,181.2,149.6,27107.5,-0.0018,2094.8,-0.003,0.990114197
31,26,Tottori,"1,739,637",-0.0095,"141,412",0.0019,"108,732",-0.0146,"194,482",-0.015,"2,145,895,337",0.897,"43,948,000",1.701,"1,770,088",-0.0067,179.5,149.4,26817.3,-0.0107,2099.9,0.0024,1.006015048
31,27,Tottori,"1,783,377",0.0251,"146,462",0.0357,"109,171",0.004,"202,061",0.039,"3,384,992,720",0.5774,"179,809,000",3.0914,"1,813,140",0.0243,182,152.7,27791.4,0.0363,2134.5,0.0165,1.015661859
31,28,Tottori,"1,805,133",0.0122,"146,087",-0.0026,"108,818",-0.0032,"204,058",0.0099,"3,469,753,109",0.025,"102,411,304",-0.4304,"1,825,602",0.0069,182.8,151.3,27657.6,-0.0048,2159.5,0.0117,1.020312077
31,29,Tottori,"1,855,573",0.0279,"150,967",0.0334,"110,367",0.0142,"202,809",-0.0061,"3,481,839,781",0.0035,"172,338,018",0.6828,"1,884,569",0.0323,184.5,152.4,28117.8,0.0166,,,1.022144103
32,20,Shimane,"2,278,540",,"152,022",,"134,888",,"230,026",,"80,153,184",,"7,199,000",,"2,299,771",,227.6,152.1,34617.96,,3291.6,,1.04166791
32,21,Shimane,"2,291,117",0.0055,"157,614",0.0368,"135,044",0.0012,"238,893",0.0385,"79,316,887",-0.0104,"4,172,000",-0.4205,"2,308,323",0.0037,225.1,151.1,34012.61,-0.0175,3250.4,-0.0125,1.029238577
32,22,Shimane,"2,322,923",0.0139,"156,628",-0.0063,"138,127",0.0228,"246,228",0.0307,"73,687,970",-0.071,"5,341,000",0.2802,"2,344,271",0.0156,226,149.4,33764.4,-0.0073,3159.9,-0.0278,1.015443904
32,23,Shimane,"2,362,588",0.0171,"156,963",0.0021,"139,767",0.0119,"248,250",0.0082,"102,069,756",0.3852,"86,224,000",15.1438,"2,386,773",0.0181,228,147.8,33698.4,-0.002,3127,-0.0104,1.001560154
32,24,Shimane,"2,311,412",-0.0217,"158,216",0.008,"144,720",0.0354,"255,525",0.0293,"155,762,105",0.526,"10,458,000",-0.8787,"2,323,522",-0.0265,231.7,151.5,35102.6,0.0417,3160,0.0106,0.99669942
32,25,Shimane,"2,340,723",0.0127,"154,604",-0.0228,"142,622",-0.0145,"258,890",0.0132,"353,793,793",1.2714,"18,718,000",0.7898,"2,365,244",0.018,229.7,152.7,35075.2,-0.0008,3137.3,-0.0072,0.995924763
32,26,Shimane,"2,334,627",-0.0026,"152,472",-0.0138,"143,067",0.0031,"256,128",-0.0107,"1,277,288,999",2.6103,"45,681,000",1.4405,"2,357,523",-0.0033,229.1,154.2,35327.2,0.0072,3132.6,-0.0015,1.017540275
32,27,Shimane,"2,403,425",0.0295,"152,554",0.0005,"143,375",0.0022,"267,188",0.0432,"3,120,412,248",1.443,"168,303,000",2.6843,"2,426,402",0.0292,233.2,149.8,34933.4,-0.0111,3175.6,0.0138,1.028252598
32,28,Shimane,"2,411,499",0.0034,"152,530",-0.0002,"144,032",0.0046,"271,580",0.0164,"3,338,858,036",0.07,"97,963,663",-0.4179,"2,430,103",0.0015,233.4,150.7,35173.4,0.0069,3210.2,0.0109,1.030349588
32,29,Shimane,"2,388,154",-0.0097,"157,413",0.032,"144,938",0.0063,"268,776",-0.0103,"3,129,859,465",-0.0626,"172,245,376",0.7583,"2,428,058",-0.0008,237.4,151.9,36061.1,0.0252,,,1.035497292
33,20,Okayama,"7,186,495",,"305,921",,"299,657",,"573,677",,"160,656,983",,"43,484,000",,"7,252,630",,621,155.5,96565.5,,10717.5,,1.044318127
33,21,Okayama,"6,932,375",-0.0354,"294,548",-0.0372,"295,283",-0.0146,"589,361",0.0273,"47,005,055",-0.7074,"11,292,000",-0.7403,"7,010,287",-0.0334,671.3,150.2,100829.26,0.0442,10539.4,-0.0166,1.033676049
33,22,Okayama,"6,963,080",0.0044,"290,585",-0.0135,"303,639",0.0283,"604,485",0.0257,"50,856,159",0.0819,"10,279,000",-0.0897,"7,065,896",0.0079,664.6,154,102348.4,0.0151,10210.4,-0.0312,1.019522539
33,23,Okayama,"7,394,638",0.062,"294,566",0.0137,"311,883",0.0272,"611,570",0.0117,"88,419,097",0.7386,"192,367,000",17.7146,"7,490,133",0.06,672.9,153.7,103424.7,0.0105,10096.1,-0.0112,0.999195904
33,24,Okayama,"7,211,098",-0.0248,"290,113",-0.0151,"321,029",0.0293,"628,674",0.028,"62,870,067",-0.289,"33,838,000",-0.8241,"7,316,797",-0.0231,658.5,154,101409,-0.0195,9935.7,-0.0159,0.989676052
33,25,Okayama,"7,525,513",0.0436,"288,566",-0.0053,"330,479",0.0294,"645,906",0.0274,"97,752,357",0.5548,"47,143,000",0.3932,"7,649,581",0.0455,657.8,153.1,100709.2,-0.0069,9860,-0.0076,0.983434086
33,26,Okayama,"7,322,925",-0.0269,"286,820",-0.0061,"328,495",-0.006,"638,904",-0.0108,"422,153,750",3.3186,"176,743,000",2.7491,"7,449,298",-0.0262,660.2,151.2,99822.2,-0.0088,9877.2,0.0017,1.006675884
33,27,Okayama,"7,494,365",0.0234,"287,425",0.0021,"338,982",0.0319,"663,052",0.0378,"4,400,876,525",9.4248,"945,274,000",4.3483,"7,632,362",0.0246,667.6,150.2,100273.5,0.0045,9825.4,-0.0052,1.033708393
33,28,Okayama,"7,343,821",-0.0201,"288,928",0.0052,"342,492",0.0104,"664,390",0.002,"6,082,200,863",0.382,"538,511,830",-0.4303,"7,511,937",-0.0158,674,151,101774,0.015,9796,-0.003,1.039872432
33,29,Okayama,"7,502,333",0.0216,"286,338",-0.009,"341,795",-0.002,"665,318",0.0014,"6,651,097,035",0.0935,"954,233,975",0.772,"7,707,616",0.026,677,150.1,101617.7,-0.0015,,,1.041433911
34,20,Hiroshima,"10,727,714",,"522,785",,"437,713",,"811,168",,"659,127,507",,"24,320,000",,"10,902,744",,969.7,153.1,148461.07,,15743.5,,1.039411938
34,21,Hiroshima,"10,230,251",-0.0464,"592,150",0.1327,"437,579",-0.0003,"835,239",0.0297,"278,714,810",-0.5771,"24,830,000",0.021,"10,457,738",-0.0408,985.5,148.2,146051.1,-0.0162,15558,-0.0118,1.033809434
34,22,Hiroshima,"10,404,073",0.017,"584,816",-0.0124,"443,798",0.0142,"866,344",0.0372,"111,961,562",-0.5983,"27,110,000",0.0918,"10,663,709",0.0197,974.5,150.2,146369.9,0.0022,15485.7,-0.0046,1.013258461
34,23,Hiroshima,"10,813,929",0.0394,"546,305",-0.0659,"443,921",0.0003,"870,970",0.0053,"92,677,335",-0.1722,"386,923,000",13.2723,"11,108,522",0.0417,968.3,150,145245,-0.0077,15587.7,0.0066,1.000471152
34,24,Hiroshima,"10,363,905",-0.0416,"530,412",-0.0291,"443,789",-0.0003,"890,828",0.0228,"148,854,982",0.6062,"60,229,000",-0.8443,"10,644,352",-0.0418,992.8,149.2,148125.8,0.0198,15652.5,0.0042,1.000826426
34,25,Hiroshima,"10,546,606",0.0176,"520,567",-0.0186,"440,050",-0.0084,"907,384",0.0186,"118,869,922",-0.2014,"75,341,000",0.2509,"10,885,512",0.0227,"1,000.10",146.4,146414.6,-0.0116,15711.4,0.0038,1.001918722
34,26,Hiroshima,"10,917,990",0.0352,"534,764",0.0273,"442,990",0.0067,"898,473",-0.0098,"556,180,250",3.6789,"364,768,000",3.8416,"11,265,383",0.0349,"1,002.80",147.5,147913,0.0102,15928.4,0.0138,1.022191997
34,27,Hiroshima,"11,215,217",0.0272,"528,032",-0.0126,"446,767",0.0085,"923,362",0.0277,"1,221,663,554",1.1965,"1,482,086,000",3.0631,"11,623,125",0.0318,"1,002.70",149.5,149903.7,0.0135,16126.3,0.0124,1.039260765
34,28,Hiroshima,"11,342,329",0.0113,"517,144",-0.0206,"444,778",-0.0045,"920,135",-0.0035,"1,911,519,038",0.5647,"854,907,021",-0.4232,"11,704,146",0.007,1003.1,148.9,149361.6,-0.0036,16563.5,0.0271,1.0353572
34,29,Hiroshima,"11,404,356",0.0055,"515,636",-0.0029,"444,929",0.0003,"914,548",-0.0061,"1,408,713,244",-0.263,"1,558,173,485",0.8226,"11,854,448",0.0128,"1,007.20",148.5,149569.2,0.0014,,,1.03388749
35,20,Yamakuchi,"5,698,059",,"327,169",,"218,902",,"434,440",,"92,083,697",,"9,163,000",,"5,708,927",,449.6,151.6,68159.36,,10453.5,,1.0328647
35,21,Yamakuchi,"5,519,775",-0.0313,"339,472",0.0376,"219,376",0.0022,"441,958",0.0173,"69,411,829",-0.2462,"7,691,000",-0.1606,"5,541,334",-0.0294,466.2,144.6,67412.52,-0.011,10405.3,-0.0046,1.0230821
35,22,Yamakuchi,"5,789,083",0.0488,"325,398",-0.0415,"219,393",0.0001,"453,259",0.0256,"67,068,364",-0.0338,"8,485,000",0.1032,"5,816,195",0.0496,463.2,147.7,68414.6,0.0149,10204.9,-0.0193,1.017275448
35,23,Yamakuchi,"5,822,693",0.0058,"326,143",0.0023,"224,701",0.0242,"458,970",0.0126,"88,908,176",0.3256,"132,302,000",14.5925,"5,867,419",0.0088,463.8,150.1,69616.4,0.0176,10122.7,-0.0081,0.999368162
35,24,Yamakuchi,"5,809,625",-0.0022,"321,126",-0.0154,"225,694",0.0044,"469,430",0.0228,"76,914,188",-0.1349,"20,356,000",-0.8461,"5,841,295",-0.0045,471,149.9,70602.9,0.0142,10315.2,0.019,0.986241969
35,25,Yamakuchi,"6,015,909",0.0355,"319,712",-0.0044,"220,357",-0.0236,"474,362",0.0105,"117,546,999",0.5283,"23,463,000",0.1526,"6,070,914",0.0393,470.4,148.9,70042.6,-0.0079,10449.7,0.013,0.981530804
35,26,Yamakuchi,"5,983,680",-0.0054,"314,889",-0.0151,"218,782",-0.0071,"463,948",-0.022,"397,536,381",2.3819,"88,638,000",2.7778,"6,024,398",-0.0077,473,148,70004,-0.0006,10541,0.0087,1.006577056
35,27,Yamakuchi,"5,633,329",-0.0586,"313,305",-0.005,"220,526",0.008,"477,436",0.0291,"1,099,188,077",1.765,"483,008,000",4.4492,"5,692,482",-0.0551,480.5,146.8,70537.4,0.0076,10645.6,0.0099,1.036133874
35,28,Yamakuchi,"6,010,993",0.067,"307,522",-0.0185,"217,480",-0.0138,"475,060",-0.005,"1,608,041,813",0.4629,"268,103,677",-0.4449,"6,014,359",0.0565,489.5,146.9,71907.6,0.0194,10649.8,0.0004,1.034111169
35,29,Yamakuchi,"6,165,078",0.0256,"308,315",0.0026,"216,103",-0.0063,"470,862",-0.0088,"1,745,116,133",0.0852,"515,675,563",0.9234,"6,179,916",0.0275,496.8,147.1,73079.3,0.0163,,,1.040237934
36,20,Tokushima,"2,777,169",,"166,549",,"144,297",,"245,892",,"77,692,061",,"5,016,000",,"2,841,822",,222.1,153.8,34158.98,,3764.6,,1.035189432
36,21,Tokushima,"2,755,432",-0.0078,"169,582",0.0182,"142,280",-0.014,"257,337",0.0465,"68,888,993",-0.1133,"4,537,000",-0.0955,"2,807,100",-0.0122,221.4,148.7,32922.18,-0.0362,3732.3,-0.0086,1.025621028
36,22,Tokushima,"2,880,605",0.0454,"168,532",-0.0062,"147,074",0.0337,"263,319",0.0232,"90,925,037",0.3199,"5,237,000",0.1543,"2,949,006",0.0506,218.2,148.7,32446.3,-0.0145,3681.1,-0.0137,1.011305611
36,23,Tokushima,"2,921,007",0.014,"172,501",0.0236,"152,375",0.036,"265,329",0.0076,"102,191,663",0.1239,"60,908,000",10.6303,"2,978,416",0.01,219.9,146.4,32193.4,-0.0078,3857,0.0478,1.001686405
36,24,Tokushima,"2,880,662",-0.0138,"166,402",-0.0354,"154,497",0.0139,"269,478",0.0156,"93,625,067",-0.0838,"11,415,000",-0.8126,"2,919,709",-0.0197,222.7,151.4,33716.8,0.0473,3851,-0.0015,0.999305021
36,25,Tokushima,"2,979,159",0.0342,"165,087",-0.0079,"155,477",0.0063,"273,987",0.0167,"106,075,674",0.133,"16,107,000",0.411,"3,013,046",0.032,221.9,151.1,33529.1,-0.0056,3889.1,0.0099,1.005518
36,26,Tokushima,"2,996,436",0.0058,"166,955",0.0113,"159,537",0.0261,"271,265",-0.0099,"116,700,315",0.1002,"57,662,000",2.5799,"3,036,264",0.0077,223.6,151.5,33875.4,0.0103,3934.4,0.0117,1.021651055
36,27,Tokushima,"3,015,136",0.0062,"168,678",0.0103,"164,230",0.0294,"276,717",0.0201,"249,534,474",1.1383,"305,732,000",4.3021,"3,066,835",0.0101,226,151.4,34216.4,0.0101,4012.1,0.0198,1.026816037
36,28,Tokushima,"3,007,628",-0.0025,"164,993",-0.0218,"162,675",-0.0095,"278,593",0.0068,"588,796,158",1.3596,"175,864,210",-0.4248,"3,049,957",-0.0055,228.1,151.2,34488.7,0.008,4026.8,0.0036,1.021772972
36,29,Tokushima,"3,072,227",0.0215,"166,319",0.008,"159,825",-0.0175,"276,002",-0.0093,"804,075,240",0.3656,"315,078,302",0.7916,"3,124,516",0.0244,227.9,150.9,34390.1,-0.0029,,,1.027555581
37,20,Kagawa,"3,574,849",,"191,102",,"158,569",,"316,901",,"77,276,768",,"7,906,000",,"3,581,168",,332.2,154.7,51391.34,,4561.9,,1.036003479
37,21,Kagawa,"3,582,587",0.0022,"191,083",-0.0001,"161,680",0.0196,"323,598",0.0211,"38,985,635",-0.4955,"7,139,000",-0.097,"3,587,834",0.0019,345.5,149.9,51790.45,0.0078,4493.9,-0.0149,1.02383864
37,22,Kagawa,"3,543,249",-0.011,"195,178",0.0214,"164,505",0.0175,"332,799",0.0284,"48,808,295",0.252,"7,363,000",0.0314,"3,567,361",-0.0057,341,151.2,51559.2,-0.0045,4413.4,-0.0179,1.015360196
37,23,Kagawa,"3,739,316",0.0553,"191,141",-0.0207,"165,281",0.0047,"333,033",0.0007,"43,695,455",-0.1048,"85,756,000",10.6469,"3,758,092",0.0535,342.1,151.9,51965,0.0079,4342.8,-0.016,0.999829381
37,24,Kagawa,"3,753,309",0.0037,"184,586",-0.0343,"166,268",0.006,"338,978",0.0179,"67,284,727",0.5399,"16,573,000",-0.8067,"3,756,287",-0.0005,341.1,154.5,52700,0.0141,4370.3,0.0063,0.989496468
37,25,Kagawa,"3,702,589",-0.0135,"181,603",-0.0162,"166,761",0.003,"343,770",0.0141,"45,336,691",-0.3262,"18,786,000",0.1335,"3,729,949",-0.007,340.5,152.6,51960.3,-0.014,4375.6,0.0012,0.983441856
37,26,Kagawa,"3,650,282",-0.0141,"184,969",0.0185,"167,196",0.0026,"338,578",-0.0151,"106,390,003",1.3467,"77,897,000",3.1465,"3,684,112",-0.0123,340.8,150.1,51154.1,-0.0155,4377.1,0.0004,1.002819782
37,27,Kagawa,"3,660,734",0.0029,"186,002",0.0056,"167,040",-0.0009,"353,446",0.0439,"716,794,218",5.7374,"469,236,000",5.0238,"3,724,461",0.011,331.3,147.5,48866.8,-0.0447,4451.2,0.0169,1.022329675
37,28,Kagawa,"3,695,617",0.0095,"183,335",-0.0143,"163,156",-0.0233,"351,351",-0.0059,"2,084,356,276",1.9079,"274,880,364",-0.4142,"3,698,685",-0.0069,333.5,148.7,49591.5,0.0148,4542.5,0.0205,1.026445922
37,29,Kagawa,"3,750,895",0.015,"184,855",0.0083,"162,568",-0.0036,"353,683",0.0066,"2,853,788,070",0.3691,"482,714,455",0.7561,"3,769,359",0.0191,338.4,148,50083.2,0.0099,,,1.025332621
38,20,Ehime,"4,587,171",,"230,585",,"223,146",,"416,044",,"54,151,567",,"4,939,000",,"4,685,889",,381.8,155.9,59522.62,,7336.4,,1.025381221
38,21,Ehime,"4,532,349",-0.012,"233,198",0.0113,"229,430",0.0282,"434,903",0.0453,"81,687,306",0.5085,"8,862,000",0.7943,"4,643,326",-0.0091,422.2,151.7,64047.74,0.076,7259.3,-0.0105,1.027405657
38,22,Ehime,"4,674,993",0.0315,"226,901",-0.027,"237,890",0.0369,"448,957",0.0323,"71,969,112",-0.119,"7,042,000",-0.2054,"4,786,242",0.0308,416.2,152.5,63470.5,-0.009,7253.9,-0.0007,1.013240234
38,23,Ehime,"4,945,671",0.0579,"229,247",0.0103,"241,326",0.0144,"446,775",-0.0049,"72,139,294",0.0024,"92,051,000",12.0717,"5,067,132",0.0587,420.2,152.6,64122.5,0.0103,7196.8,-0.0079,1.0020891
38,24,Ehime,"4,595,634",-0.0708,"225,900",-0.0146,"240,439",-0.0037,"454,271",0.0168,"102,745,458",0.4243,"17,627,000",-0.8085,"4,685,056",-0.0754,436.5,152.1,66391.7,0.0354,7128.5,-0.0095,0.99607323
38,25,Ehime,"4,753,970",0.0345,"220,432",-0.0242,"239,025",-0.0059,"458,945",0.0103,"203,313,936",0.9788,"28,067,000",0.5923,"4,864,033",0.0382,433.5,147.9,64114.7,-0.0343,7147.3,0.0026,0.985485815
38,26,Ehime,"4,677,654",-0.0161,"228,892",0.0384,"238,859",-0.0007,"453,565",-0.0117,"670,888,794",2.2998,"100,430,000",2.5782,"4,832,853",-0.0064,432.4,149.3,64557.3,0.0069,7101.4,-0.0064,1.009502627
38,27,Ehime,"4,735,917",0.0125,"232,099",0.014,"239,490",0.0026,"459,171",0.0124,"2,198,839,896",2.2775,"575,283,000",4.7282,"4,859,453",0.0055,431.9,150.6,65044.1,0.0075,7083.7,-0.0025,1.03509901
38,28,Ehime,"4,820,082",0.0178,"233,552",0.0063,"240,419",0.0039,"461,757",0.0056,"2,362,193,715",0.0743,"350,490,867",-0.3908,"4,921,678",0.0128,431.8,151.1,65245,0.0031,7094,0.0015,1.040915901
38,29,Ehime,"4,943,344",0.0256,"233,348",-0.0009,"237,427",-0.0124,"459,249",-0.0054,"2,340,204,103",-0.0093,"528,833,625",0.5088,"5,080,483",0.0323,433.5,149.2,64678.2,-0.0087,,,1.041763834
39,20,Kochi,"2,227,361",,"164,795",,"134,690",,"268,086",,"60,908,208",,"6,455,000",,"2,286,339",,239.6,151.3,36251.48,,2718.4,,1.019255074
39,21,Kochi,"2,201,230",-0.0117,"173,499",0.0528,"138,593",0.029,"273,711",0.021,"57,482,280",-0.0562,"7,083,000",0.0973,"2,257,816",-0.0125,229.3,146.4,33569.52,-0.074,2663.3,-0.0203,1.015182421
39,22,Kochi,"2,223,055",0.0099,"171,792",-0.0098,"141,577",0.0215,"280,636",0.0253,"54,562,313",-0.0508,"6,591,000",-0.0695,"2,282,662",0.011,222.3,147.4,32767,-0.0239,2600.9,-0.0234,1.009011473
39,23,Kochi,"2,239,179",0.0073,"173,943",0.0125,"143,766",0.0155,"281,338",0.0025,"68,769,303",0.2604,"71,495,000",9.8474,"2,313,605",0.0136,222.3,148.9,33100.5,0.0102,2561.1,-0.0153,1.002118634
39,24,Kochi,"2,232,088",-0.0032,"170,653",-0.0189,"145,159",0.0097,"288,390",0.0251,"80,401,511",0.1691,"11,087,000",-0.8449,"2,282,172",-0.0136,211.1,148.6,31369.5,-0.0523,2528.8,-0.0126,0.999931454
39,25,Kochi,"2,299,009",0.03,"168,417",-0.0131,"143,109",-0.0141,"292,983",0.0159,"196,883,573",1.4488,"13,406,000",0.2092,"2,365,666",0.0366,212,149.6,31715.2,0.011,2529.7,0.0003,0.997061343
39,26,Kochi,"2,291,935",-0.0031,"171,362",0.0175,"143,225",0.0008,"287,516",-0.0187,"712,907,146",2.621,"41,142,000",2.0689,"2,367,183",0.0006,211.8,152,32193.6,0.0151,2536.2,0.0026,1.019550729
39,27,Kochi,"2,311,027",0.0083,"168,542",-0.0165,"143,359",0.0009,"295,734",0.0286,"4,469,161,798",5.2689,"196,086,000",3.7661,"2,401,667",0.0146,210.5,151.6,31911.8,-0.0088,2551.1,0.0059,1.032930381
39,28,Kochi,"2,313,842",0.0012,"167,475",-0.0063,"142,237",-0.0078,"295,108",-0.0021,"7,138,592,300",0.5973,"116,188,344",-0.4075,"2,395,025",-0.0028,214.7,148.2,31818.5,-0.0029,2553.5,0.0009,1.041771219
39,29,Kochi,"2,324,254",0.0045,"166,519",-0.0057,"140,013",-0.0156,"292,456",-0.009,"10,224,177,949",0.4322,"199,021,034",0.7129,"2,419,277",0.0101,219.4,149.1,32712.5,0.0281,,,1.045261835
40,20,Fukuoka,"17,447,054",,"890,341",,"750,313",,"1,487,613",,"60,226,062",,"55,089,000",,"17,837,984",,1611.5,149.9,241563.85,,21989.1,,1.026266669
40,21,Fukuoka,"17,562,692",0.0066,"901,214",0.0122,"781,312",0.0413,"1,566,176",0.0528,"181,619,700",2.0156,"51,698,000",-0.0616,"17,906,114",0.0038,1635.4,148,242039.2,0.002,21768.5,-0.01,1.020307821
40,22,Fukuoka,"18,088,304",0.0299,"893,967",-0.008,"783,662",0.003,"1,625,705",0.038,"98,256,007",-0.459,"62,409,000",0.2072,"18,403,442",0.0278,"1,602.70",150.6,241366.6,-0.0028,21672.7,-0.0044,1.009933159
40,23,Fukuoka,"18,170,112",0.0045,"897,521",0.004,"791,385",0.0099,"1,639,360",0.0084,"383,807,321",2.9062,"572,286,000",8.1699,"18,613,066",0.0114,"1,586.80",149.5,237226.6,-0.0172,21608.9,-0.0029,1.000991849
40,24,Fukuoka,"17,917,623",-0.0139,"879,058",-0.0206,"786,114",-0.0067,"1,684,848",0.0277,"242,503,352",-0.3682,"116,082,000",-0.7972,"18,308,979",-0.0163,"1,686.60",148.8,250966.1,0.0579,21467.1,-0.0066,1.000287203
40,25,Fukuoka,"18,160,501",0.0136,"878,038",-0.0012,"767,535",-0.0236,"1,722,622",0.0224,"219,814,310",-0.0936,"149,935,000",0.2916,"18,644,144",0.0183,"1,679.50",148.4,249237.8,-0.0069,21610.5,0.0067,0.999325294
40,26,Fukuoka,"18,053,675",-0.0059,"875,621",-0.0028,"768,478",0.0012,"1,697,210",-0.0148,"566,257,900",1.5761,"508,310,000",2.3902,"18,625,157",-0.001,"1,678.10",148.8,249701.3,0.0019,21808.5,0.0092,1.021541597
40,27,Fukuoka,"18,380,696",0.0181,"877,903",0.0026,"780,670",0.0159,"1,759,139",0.0365,"5,286,871,998",8.3365,"2,841,786,000",4.5907,"18,976,173",0.0188,"1,678.10",147.9,248191,-0.006,22070.8,0.012,1.035174675
40,28,Fukuoka,"18,557,507",0.0096,"868,596",-0.0106,"776,075",-0.0059,"1,769,048",0.0056,"9,186,471,979",0.7376,"1,704,122,488",-0.4003,"19,130,834",0.0082,1659.9,149.2,247657.1,-0.0022,22246.1,0.0079,1.037184898
40,29,Fukuoka,"18,990,258",0.0233,"875,721",0.0082,"777,515",0.0019,"1,767,929",-0.0006,"15,897,746,236",0.7306,"3,051,121,835",0.7904,"19,722,124",0.0309,"1,664.40",148.1,246497.6,-0.0047,,,1.03627997
41,20,Saga,"2,775,251",,"168,938",,"133,343",,"241,519",,"68,249,506",,"5,690,000",,"2,851,550",,254.7,160,40752,,3973.2,,1.02947265
41,21,Saga,"2,612,548",-0.0586,"170,180",0.0074,"134,927",0.0119,"249,061",0.0312,"147,470,290",1.1608,"3,308,000",-0.4186,"2,686,954",-0.0577,261.9,153.5,40201.65,-0.0135,3940.7,-0.0082,1.027644277
41,22,Saga,"2,749,266",0.0523,"165,922",-0.025,"145,577",0.0789,"256,090",0.0282,"34,639,895",-0.7651,"4,024,000",0.2164,"2,830,576",0.0535,260.2,155,40331,0.0032,3906.7,-0.0086,1.013975367
41,23,Saga,"2,708,978",-0.0147,"168,630",0.0163,"149,903",0.0297,"256,709",0.0024,"109,866,281",2.1717,"62,894,000",14.6297,"2,784,765",-0.0162,257.9,152.1,39226.6,-0.0274,3816.5,-0.0231,1.00132633
41,24,Saga,"2,643,390",-0.0242,"165,066",-0.0211,"154,479",0.0305,"265,520",0.0343,"51,148,685",-0.5344,"10,308,000",-0.8361,"2,705,500",-0.0285,253.1,154.1,39002.7,-0.0057,3753.3,-0.0166,0.999106829
41,25,Saga,"2,699,463",0.0212,"158,972",-0.0369,"155,166",0.0044,"270,387",0.0183,"310,097,395",5.0627,"11,889,000",0.1534,"2,763,108",0.0213,253.4,155,39277,0.007,3742.6,-0.0028,0.996493377
41,26,Saga,"2,700,137",0.0002,"160,743",0.0111,"156,768",0.0103,"267,979",-0.0089,"1,788,359,184",4.7671,"44,329,000",2.7286,"2,766,474",0.0012,253.7,154.4,39171.3,-0.0027,3713.6,-0.0078,1.013255624
41,27,Saga,"2,798,940",0.0366,"151,565",-0.0571,"170,386",0.0869,"274,786",0.0254,"9,400,074,614",4.2563,"305,405,000",5.8895,"2,880,953",0.0414,255.8,153.6,39290.9,0.0031,3707.2,-0.0017,1.027905564
41,28,Saga,"2,792,407",-0.0023,"151,770",0.0014,"167,944",-0.0143,"277,116",0.0085,"17,237,874,815",0.8338,"177,343,141",-0.4193,"2,858,928",-0.0076,256.8,153.7,39470.2,0.0046,3740.6,0.009,1.030484453
41,29,Saga,"2,858,800",0.0238,"151,343",-0.0028,"168,831",0.0053,"275,241",-0.0068,"30,620,903,974",0.7764,"289,425,038",0.632,"2,931,475",0.0254,253.8,153.6,38983.7,-0.0123,,,1.030230167
42,20,Nagasaki,"4,152,246",,"307,219",,"287,210",,"464,804",,"46,686,648",,"6,949,000",,"4,265,179",,376.3,159.9,60170.37,,5626,,1.029437803
42,21,Nagasaki,"4,161,722",0.0023,"309,406",0.0071,"291,141",0.0137,"472,764",0.0171,"78,416,787",0.6796,"5,366,000",-0.2278,"4,283,332",0.0043,410.9,160.6,65990.54,0.0967,5525.7,-0.0178,1.024806078
42,22,Nagasaki,"4,265,912",0.025,"302,194",-0.0233,"297,636",0.0223,"487,082",0.0303,"112,611,533",0.4361,"11,217,000",1.0904,"4,404,806",0.0284,407.3,160.6,65412.4,-0.0088,5444.4,-0.0147,1.013262111
42,23,Nagasaki,"4,275,609",0.0023,"304,056",0.0062,"302,152",0.0152,"489,343",0.0046,"83,094,652",-0.2621,"96,020,000",7.5602,"4,418,301",0.0031,409.3,156.3,63973.6,-0.022,5377,-0.0124,1.001303908
42,24,Nagasaki,"4,200,801",-0.0175,"303,052",-0.0033,"304,307",0.0071,"501,205",0.0242,"179,673,039",1.1623,"23,130,000",-0.7591,"4,312,825",-0.0239,412.5,152,62700,-0.0199,5319.3,-0.0107,0.999632451
42,25,Nagasaki,"4,201,490",0.0002,"295,818",-0.0239,"293,800",-0.0345,"507,820",0.0132,"134,418,218",-0.2519,"27,177,000",0.175,"4,316,440",0.0008,415.2,149.9,62238.5,-0.0074,5295.2,-0.0045,0.999529691
42,26,Nagasaki,"4,027,613",-0.0414,"291,869",-0.0133,"296,290",0.0085,"496,305",-0.0227,"1,736,865,438",11.9214,"88,551,000",2.2583,"4,170,110",-0.0339,416.9,149.5,62326.6,0.0014,5270.8,-0.0046,1.01877092
42,27,Nagasaki,"4,350,509",0.0802,"297,014",0.0176,"298,277",0.0067,"516,847",0.0414,"7,990,242,751",3.6004,"447,810,000",4.0571,"4,451,566",0.0675,416,153.1,63689.6,0.0219,5274.1,0.0006,1.031895808
42,28,Nagasaki,"4,408,061",0.0132,"290,144",-0.0231,"294,356",-0.0131,"518,359",0.0029,"8,024,259,694",0.0043,"258,502,197",-0.4227,"4,498,436",0.0105,419.4,152.1,63790.7,0.0016,5269.8,-0.0008,1.036487018
42,29,Nagasaki,"4,399,174",-0.002,"293,022",0.0099,"295,165",0.0027,"516,112",-0.0043,"8,026,722,041",0.0003,"461,114,189",0.7838,"4,529,517",0.0069,419.1,152.1,63745.1,-0.0007,,,1.040138671
43,20,Kumamoto,"5,254,813",,"397,305",,"257,948",,"531,941",,"64,964,518",,"9,006,000",,"5,477,794",,510.5,153.5,78361.75,,6647.2,,1.033502619
43,21,Kumamoto,"5,170,032",-0.0161,"405,624",0.0209,"251,087",-0.0266,"558,225",0.0494,"100,798,749",0.5516,"19,285,000",1.1414,"5,390,401",-0.016,536.5,149.6,80260.4,0.0242,6554.5,-0.0139,1.027929421
43,22,Kumamoto,"5,331,930",0.0313,"398,342",-0.018,"259,004",0.0315,"577,685",0.0349,"91,928,113",-0.088,"14,658,000",-0.2399,"5,531,335",0.0261,530.4,153.2,81257.3,0.0124,6419.1,-0.0207,1.015489138
43,23,Kumamoto,"5,493,247",0.0303,"404,367",0.0151,"262,256",0.0126,"581,366",0.0064,"97,984,582",0.0659,"119,586,000",7.1584,"5,697,641",0.0301,529.6,153.3,81187.7,-0.0009,6352.4,-0.0104,1.000259409
43,24,Kumamoto,"5,469,969",-0.0042,"394,285",-0.0249,"267,101",0.0185,"595,048",0.0235,"120,333,611",0.2281,"28,363,000",-0.7628,"5,650,854",-0.0082,536,153.9,82490.4,0.016,6366.8,0.0023,0.99869853
43,25,Kumamoto,"5,513,771",0.008,"382,920",-0.0288,"266,735",-0.0014,"610,460",0.0259,"132,998,833",0.1053,"26,642,000",-0.0607,"5,726,742",0.0134,538.4,152.1,81890.6,-0.0073,6653.3,0.045,0.997437326
43,26,Kumamoto,"5,443,433",-0.0128,"392,131",0.0241,"268,692",0.0073,"604,032",-0.0105,"246,764,663",0.8554,"84,862,000",2.1853,"5,671,952",-0.0096,539,152.3,82089.7,0.0024,6663,0.0014,1.015165613
43,27,Kumamoto,"5,489,914",0.0085,"389,155",-0.0076,"272,308",0.0135,"625,068",0.0348,"1,144,182,355",3.6367,"484,652,000",4.7111,"5,703,322",0.0055,540.2,147.5,79679.5,-0.0294,6670.7,0.0012,1.03011814
43,28,Kumamoto,"5,690,620",0.0366,"404,497",0.0394,"270,551",-0.0065,"626,583",0.0024,"7,771,735,370",5.7924,"284,340,757",-0.4133,"5,866,057",0.0285,543.4,146.9,79825.5,0.0018,6669.7,-0.0002,1.035364512
43,29,Kumamoto,"5,847,795",0.0276,"395,848",-0.0214,"269,409",-0.0042,"629,969",0.0054,"5,196,316,530",-0.3314,"466,923,659",0.6421,"6,026,347",0.0273,544.8,147.9,80575.9,0.0094,,,1.036216899
44,20,Oita,"4,106,788",,"261,810",,"169,478",,"357,106",,"27,009,473",,"3,558,000",,"4,177,467",,369.1,158.1,58354.71,,6613.8,,1.048187781
44,21,Oita,"3,831,854",-0.0669,"262,652",0.0032,"168,423",-0.0062,"378,377",0.0596,"38,950,225",0.4421,"6,004,000",0.6875,"3,955,998",-0.053,343.5,149.9,51490.65,-0.1176,6584,-0.0045,1.039711586
44,22,Oita,"4,137,021",0.0796,"257,560",-0.0194,"172,201",0.0224,"389,465",0.0293,"34,879,384",-0.1045,"7,587,000",0.2637,"4,233,979",0.0703,343.2,152.9,52475.3,0.0191,6753.9,0.0258,1.023068532
44,23,Oita,"4,179,464",0.0103,"255,026",-0.0098,"177,450",0.0305,"390,436",0.0025,"41,527,860",0.1906,"95,434,000",11.5786,"4,290,279",0.0133,340.2,153.3,52152.7,-0.0061,7007.6,0.0376,0.999064234
44,24,Oita,"4,180,523",0.0003,"251,050",-0.0156,"175,630",-0.0103,"398,198",0.0199,"85,018,851",1.0473,"19,931,000",-0.7912,"4,255,967",-0.008,380.7,151,57485.7,0.1023,7195.6,0.0268,0.993062112
44,25,Oita,"4,224,902",0.0106,"240,128",-0.0435,"170,426",-0.0296,"404,359",0.0155,"117,307,690",0.3798,"18,488,000",-0.0724,"4,311,928",0.0131,375.6,150.8,56640.5,-0.0147,7200.5,0.0007,0.985118708
44,26,Oita,"4,198,431",-0.0063,"241,643",0.0063,"168,643",-0.0105,"396,089",-0.0205,"208,316,767",0.7758,"66,417,000",2.5924,"4,291,601",-0.0047,384.7,149,57320.3,0.012,7478.4,0.0386,1.011382824
44,27,Oita,"4,225,780",0.0065,"245,334",0.0153,"174,741",0.0362,"408,380",0.031,"1,945,609,718",8.3397,"354,095,000",4.3314,"4,316,996",0.0059,390.5,147.5,57598.8,0.0049,7553.1,0.01,1.042755894
44,28,Oita,"4,151,627",-0.0175,"241,395",-0.0161,"178,167",0.0196,"410,550",0.0053,"3,977,663,861",1.0444,"207,283,049",-0.4146,"4,241,525",-0.0175,392.2,149.5,58633.9,0.018,8204.5,0.0862,1.046859701
44,29,Oita,"4,296,580",0.0349,"242,253",0.0036,"174,246",-0.022,"410,187",-0.0009,"6,026,344,902",0.515,"380,356,046",0.835,"4,379,039",0.0324,393,151.5,59539.5,0.0154,,,1.049663453
45,20,Miyazaki,"3,447,110",,"237,811",,"178,524",,"355,513",,"39,606,894",,"5,294,000",,"3,427,390",,326.4,157.7,51473.28,,4622.4,,1.02348344
45,21,Miyazaki,"3,349,443",-0.0283,"240,928",0.0131,"181,619",0.0173,"363,870",0.0235,"39,101,052",-0.0128,"5,336,000",0.0079,"3,376,618",-0.0148,333.4,153.4,51143.56,-0.0064,4594.3,-0.0061,1.019588929
45,22,Miyazaki,"3,298,678",-0.0152,"234,209",-0.0279,"186,596",0.0274,"376,558",0.0349,"207,423,201",4.3048,"16,586,000",2.1083,"3,338,623",-0.0113,327,153.1,50063.7,-0.0211,4931,0.0733,1.012480757
45,23,Miyazaki,"3,401,011",0.031,"238,978",0.0204,"188,350",0.0094,"381,534",0.0132,"61,713,239",-0.7025,"57,651,000",2.4759,"3,445,608",0.032,325.2,152.4,49560.5,-0.0101,5162.5,0.047,1.001049394
45,24,Miyazaki,"3,416,295",0.0045,"230,594",-0.0351,"188,795",0.0024,"388,481",0.0182,"70,495,439",0.1423,"9,872,000",-0.8288,"3,460,254",0.0043,325,151,49075,-0.0098,5375.7,0.0413,0.99824898
45,25,Miyazaki,"3,520,254",0.0304,"231,194",0.0026,"186,673",-0.0112,"395,821",0.0189,"328,344,173",3.6577,"12,254,000",0.2413,"3,592,554",0.0382,325.9,150.4,49015.4,-0.0012,5296.5,-0.0147,0.993795618
45,26,Miyazaki,"3,521,135",0.0003,"233,602",0.0104,"187,268",0.0032,"395,576",-0.0006,"2,281,748,288",5.9493,"57,633,000",3.7032,"3,598,614",0.0017,325.2,150.6,48975.1,-0.0008,5384.3,0.0166,1.009698577
45,27,Miyazaki,"3,552,362",0.0089,"242,734",0.0391,"190,463",0.0171,"406,875",0.0286,"10,065,534,394",3.4113,"284,372,000",3.9342,"3,638,524",0.0111,317,153.7,48722.9,-0.0051,5942.7,0.1037,1.026089683
45,28,Miyazaki,"3,586,005",0.0095,"243,751",0.0042,"189,431",-0.0054,"410,584",0.0091,"19,896,977,997",0.9767,"173,005,966",-0.3916,"3,667,420",0.0079,313.3,150.9,47277,-0.0297,6295.5,0.0594,1.035449755
45,29,Miyazaki,"3,630,513",0.0124,"250,012",0.0257,"193,736",0.0227,"409,676",-0.0022,"24,026,366,022",0.2075,"322,841,316",0.8661,"3,724,608",0.0156,314.8,148.7,46810.8,-0.0099,,,1.036469226
46,20,Kagoshima,"4,955,866",,"379,255",,"296,718",,"487,459",,"183,038,235",,"5,721,000",,"5,031,501",,497,150.6,74848.2,,6440.4,,1.02004917
46,21,Kagoshima,"4,778,460",-0.0358,"342,403",-0.0972,"301,976",0.0177,"541,703",0.1113,"195,874,028",0.0701,"4,862,000",-0.1501,"4,881,379",-0.0298,480.7,148.8,71528.16,-0.0444,6355,-0.0133,1.018593438
46,22,Kagoshima,"4,811,692",0.007,"337,452",-0.0145,"301,312",-0.0022,"552,673",0.0203,"199,170,801",0.0168,"9,779,000",1.0113,"4,938,900",0.0118,471.1,148.9,70146.8,-0.0193,6267,-0.0139,1.012161418
46,23,Kagoshima,"4,967,902",0.0325,"334,377",-0.0091,"306,402",0.0169,"562,074",0.017,"209,299,821",0.0509,"87,767,000",7.975,"5,095,061",0.0316,469.5,150.7,70753.7,0.0087,6234.1,-0.0052,1.00159665
46,24,Kagoshima,"4,890,013",-0.0157,"329,802",-0.0137,"308,308",0.0062,"573,268",0.0199,"207,419,683",-0.009,"18,984,000",-0.7837,"5,005,602",-0.0176,485.8,151.8,73744.4,0.0423,6223.3,-0.0017,0.99840573
46,25,Kagoshima,"5,033,767",0.0294,"325,126",-0.0142,"304,663",-0.0118,"583,468",0.0178,"259,108,307",0.2492,"24,849,000",0.3089,"5,156,231",0.0301,488,151,73688,-0.0008,6230.1,0.0011,0.992916835
46,26,Kagoshima,"5,017,397",-0.0033,"329,581",0.0137,"305,795",0.0037,"579,415",-0.0069,"586,400,600",1.2631,"85,537,000",2.4423,"5,153,278",-0.0006,481.3,150,72195,-0.0203,6251.3,0.0034,1.010778298
46,27,Kagoshima,"5,116,496",0.0198,"330,683",0.0033,"309,402",0.0118,"596,614",0.0297,"7,245,739,158",11.3563,"453,530,000",4.3021,"5,231,205",0.0151,475.6,148,70388.8,-0.025,6329.7,0.0125,1.028321726
46,28,Kagoshima,"5,145,372",0.0056,"325,106",-0.0169,"311,914",0.0081,"598,053",0.0024,"13,005,311,977",0.7949,"261,530,942",-0.4233,"5,221,087",-0.0019,470.4,149.8,70465.9,0.0011,6381.7,0.0082,1.038095205
46,29,Kagoshima,"5,285,299",0.0272,"337,337",0.0376,"314,737",0.0091,"598,846",0.0013,"17,430,413,174",0.3403,"470,034,021",0.7972,"5,368,822",0.0283,472.6,148,69944.8,-0.0074,,,1.041465961
47,20,Okinawa,"3,561,901",,"377,055",,"196,041",,"344,704",,"61,806,045",,"9,947,000",,"3,721,622",,371.2,152,56422.4,,4137.6,,1.017829243
47,21,Okinawa,"3,583,573",0.0061,"383,613",0.0174,"203,316",0.0371,"361,827",0.0497,"57,609,096",-0.0679,"12,320,000",0.2386,"3,766,637",0.0121,387.7,153,59318.1,0.0513,4103,-0.0084,1.015238981
47,22,Okinawa,"3,620,659",0.0103,"385,124",0.0039,"202,669",-0.0032,"376,528",0.0406,"124,768,194",1.1658,"15,374,000",0.2479,"3,829,330",0.0166,389.8,152.1,59288.6,-0.0005,4088.2,-0.0036,1.01034563
47,23,Okinawa,"3,687,797",0.0185,"381,089",-0.0105,"209,067",0.0316,"379,237",0.0072,"119,722,657",-0.0404,"101,572,000",5.6067,"3,892,765",0.0166,391.6,150.8,59053.3,-0.004,4133.8,0.0111,1.001297523
47,24,Okinawa,"3,721,224",0.0091,"383,637",0.0067,"215,914",0.0328,"392,409",0.0347,"126,989,450",0.0607,"27,444,000",-0.7298,"3,910,016",0.0044,394.1,151.5,59706.2,0.0111,4165.1,0.0076,0.996263864
47,25,Okinawa,"3,875,634",0.0415,"376,448",-0.0187,"216,918",0.0046,"404,080",0.0297,"133,509,938",0.0513,"29,374,000",0.0703,"4,083,221",0.0443,396.1,150.9,59771.5,0.0011,4230.2,0.0156,0.989911328
47,26,Okinawa,"3,861,174",-0.0037,"379,879",0.0091,"221,472",0.021,"399,198",-0.0121,"215,137,761",0.6114,"76,522,000",1.6051,"4,088,215",0.0012,398.7,148,59007.6,-0.0128,4305.7,0.0179,1.01329492
47,27,Okinawa,"4,071,012",0.0543,"385,266",0.0142,"227,425",0.0269,"416,022",0.0421,"961,771,178",3.4705,"384,148,000",4.0201,"4,293,772",0.0503,403,147.6,59482.8,0.0081,4385.9,0.0186,1.025475729
47,28,Okinawa,"4,203,182",0.0325,"389,661",0.0114,"229,438",0.0089,"423,216",0.0173,"1,609,717,751",0.6737,"219,952,187",-0.4274,"4,447,226",0.0357,408.2,149.3,60944.3,0.0246,4480.1,0.0215,1.033788687
47,29,Okinawa,"4,266,444",0.0151,"393,279",0.0093,"234,647",0.0227,"424,803",0.0037,"2,584,097,049",0.6053,"394,715,418",0.7946,"4,517,896",0.0159,414.3,148.8,61647.8,0.0115,,,1.03460704
